-- MySQL dump 10.16  Distrib 10.1.9-MariaDB, for Win32 (AMD64)
--
-- Host: localhost    Database: tourist
-- ------------------------------------------------------
-- Server version	10.1.9-MariaDB

/*!40101 SET @OLD_CHARACTER_SET_CLIENT=@@CHARACTER_SET_CLIENT */;
/*!40101 SET @OLD_CHARACTER_SET_RESULTS=@@CHARACTER_SET_RESULTS */;
/*!40101 SET @OLD_COLLATION_CONNECTION=@@COLLATION_CONNECTION */;
/*!40101 SET NAMES utf8 */;
/*!40103 SET @OLD_TIME_ZONE=@@TIME_ZONE */;
/*!40103 SET TIME_ZONE='+00:00' */;
/*!40014 SET @OLD_UNIQUE_CHECKS=@@UNIQUE_CHECKS, UNIQUE_CHECKS=0 */;
/*!40014 SET @OLD_FOREIGN_KEY_CHECKS=@@FOREIGN_KEY_CHECKS, FOREIGN_KEY_CHECKS=0 */;
/*!40101 SET @OLD_SQL_MODE=@@SQL_MODE, SQL_MODE='NO_AUTO_VALUE_ON_ZERO' */;
/*!40111 SET @OLD_SQL_NOTES=@@SQL_NOTES, SQL_NOTES=0 */;

--
-- Table structure for table `bookedtour`
--

DROP TABLE IF EXISTS `bookedtour`;
/*!40101 SET @saved_cs_client     = @@character_set_client */;
/*!40101 SET character_set_client = utf8 */;
CREATE TABLE `bookedtour` (
  `UserId` int(11) NOT NULL,
  `TourId` int(11) NOT NULL,
  `Status` tinyint(4) NOT NULL,
  `Time` date NOT NULL,
  PRIMARY KEY (`UserId`,`TourId`)
) ENGINE=InnoDB DEFAULT CHARSET=utf8;
/*!40101 SET character_set_client = @saved_cs_client */;

--
-- Dumping data for table `bookedtour`
--

LOCK TABLES `bookedtour` WRITE;
/*!40000 ALTER TABLE `bookedtour` DISABLE KEYS */;
INSERT INTO `bookedtour` VALUES (5,13,1,'2015-12-31');
/*!40000 ALTER TABLE `bookedtour` ENABLE KEYS */;
UNLOCK TABLES;

--
-- Table structure for table `category`
--

DROP TABLE IF EXISTS `category`;
/*!40101 SET @saved_cs_client     = @@character_set_client */;
/*!40101 SET character_set_client = utf8 */;
CREATE TABLE `category` (
  `CategoryId` int(11) NOT NULL AUTO_INCREMENT,
  `CategoryName` text,
  PRIMARY KEY (`CategoryId`)
) ENGINE=InnoDB AUTO_INCREMENT=6 DEFAULT CHARSET=utf8;
/*!40101 SET character_set_client = @saved_cs_client */;

--
-- Dumping data for table `category`
--

LOCK TABLES `category` WRITE;
/*!40000 ALTER TABLE `category` DISABLE KEYS */;
INSERT INTO `category` VALUES (1,'Tour'),(2,'Place'),(3,'Feeling'),(4,'Event'),(5,'Food');
/*!40000 ALTER TABLE `category` ENABLE KEYS */;
UNLOCK TABLES;

--
-- Table structure for table `comment`
--

DROP TABLE IF EXISTS `comment`;
/*!40101 SET @saved_cs_client     = @@character_set_client */;
/*!40101 SET character_set_client = utf8 */;
CREATE TABLE `comment` (
  `CommentId` int(11) NOT NULL AUTO_INCREMENT,
  `PostId` int(11) NOT NULL,
  `UserId` int(11) NOT NULL,
  `CommentContent` text,
  `DateComment` datetime DEFAULT NULL,
  PRIMARY KEY (`CommentId`),
  KEY `FK_RELATIONSHIP_6` (`UserId`),
  KEY `FK_RELATIONSHIP_7` (`PostId`),
  CONSTRAINT `FK_RELATIONSHIP_6` FOREIGN KEY (`UserId`) REFERENCES `user` (`UserId`),
  CONSTRAINT `FK_RELATIONSHIP_7` FOREIGN KEY (`PostId`) REFERENCES `post` (`PostId`)
) ENGINE=InnoDB AUTO_INCREMENT=9 DEFAULT CHARSET=utf8;
/*!40101 SET character_set_client = @saved_cs_client */;

--
-- Dumping data for table `comment`
--

LOCK TABLES `comment` WRITE;
/*!40000 ALTER TABLE `comment` DISABLE KEYS */;
INSERT INTO `comment` VALUES (1,10,5,'Hihi','2015-12-31 10:09:37'),(2,5,5,'dsasdadsadwasd','2015-12-31 10:18:09'),(3,11,5,'wasasfaf','2015-12-31 10:21:10'),(4,10,5,'sdasdad','2015-12-31 10:25:05'),(5,6,5,'Thích quá đi ','2015-12-31 10:43:55'),(6,12,5,'Wao, Quảng cáo kinh vậy mà','2015-12-31 10:44:53'),(7,12,5,'Chắc tuôi chết','2015-12-31 10:45:06'),(8,10,6,'Chán phèo','2015-12-31 10:53:56');
/*!40000 ALTER TABLE `comment` ENABLE KEYS */;
UNLOCK TABLES;

--
-- Table structure for table `location`
--

DROP TABLE IF EXISTS `location`;
/*!40101 SET @saved_cs_client     = @@character_set_client */;
/*!40101 SET character_set_client = utf8 */;
CREATE TABLE `location` (
  `LocationId` int(11) NOT NULL AUTO_INCREMENT,
  `Name` text,
  `Description` text,
  PRIMARY KEY (`LocationId`)
) ENGINE=InnoDB AUTO_INCREMENT=21 DEFAULT CHARSET=utf8;
/*!40101 SET character_set_client = @saved_cs_client */;

--
-- Dumping data for table `location`
--

LOCK TABLES `location` WRITE;
/*!40000 ALTER TABLE `location` DISABLE KEYS */;
INSERT INTO `location` VALUES (1,'Quảng Bình','Tỉnh'),(2,'Hà Nội','Thành Phố'),(3,'Đà Lạt','Thành Phố'),(4,'Đà Năng','Thành Phố'),(5,'Huế','Thành Phố'),(6,'Quảng Ngãi','Tỉnh'),(7,'Vũng Tàu','Thành Phố'),(8,'Hồ Chí Minh','Thành Phố'),(9,'Kon Tum','Tỉnh'),(10,'Bình Định','Tỉnh'),(11,'Long An','Tỉnh'),(12,'Quảng Trị','Thành Phố'),(13,'Kon Tum','Thành Phố'),(14,'Lào Cai','Thành Phố'),(15,'Lạng Sơn','Thành Phố'),(16,'Đắk Lắk','Tỉnh'),(17,'Cà Mau','Thành Phố'),(18,'Móng Cái','Thành Phố'),(19,'Bắc Ninh','Tỉnh'),(20,'Tuyên Quang','Tỉnh');
/*!40000 ALTER TABLE `location` ENABLE KEYS */;
UNLOCK TABLES;

--
-- Table structure for table `post`
--

DROP TABLE IF EXISTS `post`;
/*!40101 SET @saved_cs_client     = @@character_set_client */;
/*!40101 SET character_set_client = utf8 */;
CREATE TABLE `post` (
  `PostId` int(11) NOT NULL AUTO_INCREMENT,
  `CategoryId` int(11) NOT NULL,
  `LocationId` int(11) DEFAULT NULL,
  `UserId` int(11) NOT NULL,
  `Title` text,
  `Content` text,
  `Date` datetime DEFAULT NULL,
  `Price` text,
  `Views` int(11) DEFAULT NULL,
  `Buys` int(11) NOT NULL,
  `NumberPerson` int(11) NOT NULL,
  `TotalTime` text NOT NULL,
  `Deleted` tinyint(4) NOT NULL,
  PRIMARY KEY (`PostId`),
  KEY `FK_RELATIONSHIP_1` (`UserId`),
  KEY `FK_RELATIONSHIP_2` (`CategoryId`),
  KEY `FK_RELATIONSHIP_3` (`LocationId`),
  CONSTRAINT `FK_RELATIONSHIP_1` FOREIGN KEY (`UserId`) REFERENCES `user` (`UserId`),
  CONSTRAINT `FK_RELATIONSHIP_2` FOREIGN KEY (`CategoryId`) REFERENCES `category` (`CategoryId`),
  CONSTRAINT `FK_RELATIONSHIP_3` FOREIGN KEY (`LocationId`) REFERENCES `location` (`LocationId`)
) ENGINE=InnoDB AUTO_INCREMENT=31 DEFAULT CHARSET=utf8;
/*!40101 SET character_set_client = @saved_cs_client */;

--
-- Dumping data for table `post`
--

LOCK TABLES `post` WRITE;
/*!40000 ALTER TABLE `post` DISABLE KEYS */;
INSERT INTO `post` VALUES (1,2,8,5,'Khu Du Lịch Suối Tiên','<p>Nh&acirc;n dịp Quốc kh&aacute;nh v&agrave; kỷ niệm 20 năm th&agrave;nh lập, khu du lịch Suối Ti&ecirc;n khai trương nhiều c&ocirc;ng tr&igrave;nh văn h&oacute;a mới c&ugrave;ng lễ hội th&uacute; vị.</p>\r\n\r\n<p>B&ecirc;n cạnh đ&oacute;, c&aacute;c hoạt động của m&ugrave;a Vu Lan b&aacute;o hiếu vẫn tiếp tục diễn ra đến hết th&aacute;ng bảy &acirc;m lịch.</p>\r\n\r\n<p>Lễ hội ch&agrave;o mừng Quốc kh&aacute;nh</p>\r\n\r\n<table align=\"center\" border=\"0\" cellpadding=\"2\" cellspacing=\"0\" style=\"width:100%\">\r\n	<tbody>\r\n		<tr>\r\n			<td style=\"text-align:center\"><img alt=\"\" src=\"http://localhost:8080/WebDuLich/view/resource/image/user/5/10.png\" style=\"height:426px; width:600px\" /></td>\r\n		</tr>\r\n		<tr>\r\n			<td>\r\n			<p>Khu vui chơi hiện đại.</p>\r\n			</td>\r\n		</tr>\r\n	</tbody>\r\n</table>\r\n\r\n<p>Du kh&aacute;ch sẽ được chi&ecirc;m ngưỡng những c&ocirc;ng tr&igrave;nh mới như quảng trường Long Hoa Sơn Nhật Nguyệt rộng 2.600 m2 với điểm nhấn l&agrave; Kim Th&acirc;n Đức Phật Di Lặc cao 3 m&eacute;t, nặng hơn 10 tấn với nụ cười từ bi hỷ xả h&oacute;a mang lại may mắn, hạnh ph&uacute;c cho mọi người. Qua 20 năm h&igrave;nh th&agrave;nh v&agrave; ph&aacute;t triển, Suối Ti&ecirc;n đ&atilde; trở th&agrave;nh c&ocirc;ng vi&ecirc;n du lịch chuy&ecirc;n đề văn h&oacute;a với diện t&iacute;ch 55ha, tr&ecirc;n 150 c&ocirc;ng tr&igrave;nh, m&ocirc; h&igrave;nh vui chơi giải tr&iacute;, đa dạng v&agrave; phong ph&uacute;. Đến nay, vốn đầu tư của khu du lịch đ&atilde; l&ecirc;n đến 4.000 tỷ đồng. H&agrave;ng năm, Suối Ti&ecirc;n đ&oacute;n hơn 5 triệu lượt kh&aacute;ch đến tham quan.</p>\r\n\r\n<p>Từ năm 2014, khu du lịch đ&atilde; đổi mới cảnh quan, c&ocirc;ng nghệ giải tr&iacute;, đầu tư gần 200 tỷ đồng với c&aacute;c c&ocirc;ng tr&igrave;nh quy m&ocirc; mang tầm quốc tế. Trong đ&oacute; c&oacute; quảng trường Phật Địa Mẫu biểu tượng cho niềm vui v&agrave; hạnh ph&uacute;c; th&aacute;nh tượng Qu&aacute;n Thế &Acirc;m Thi&ecirc;n Thủ Thi&ecirc;n Nh&atilde;n biểu tượng của sự từ bi v&agrave; hiền h&ograve;a&hellip;</p>\r\n\r\n<table align=\"center\" border=\"0\" cellpadding=\"2\" cellspacing=\"0\" style=\"width:100%\">\r\n	<tbody>\r\n		<tr>\r\n			<td style=\"text-align:center\"><img alt=\"\" src=\"http://localhost:8080/WebDuLich/view/resource/image/user/5/29.png\" style=\"height:372px; width:600px\" /></td>\r\n		</tr>\r\n		<tr>\r\n			<td>\r\n			<p>Đĩa bay h&agrave;nh tinh lạ.</p>\r\n			</td>\r\n		</tr>\r\n	</tbody>\r\n</table>\r\n\r\n<p>Ngo&agrave;i ra, đến Suối Ti&ecirc;n, du kh&aacute;ch c&ograve;n được thư gi&atilde;n với những c&ocirc;ng tr&igrave;nh giải tr&iacute; hiện đại như khu tr&ograve; chơi trong nh&agrave; tho&aacute;ng m&aacute;t tại Vương quốc c&aacute;c thi&ecirc;n t&agrave;i tương lai; kh&aacute;m ph&aacute; c&aacute;c ph&eacute;p thuật kỳ b&iacute; trong L&acirc;u đ&agrave;i ph&eacute;p thuật dựa theo phi&ecirc;n bản Harry Poter. Kh&aacute;ch c&ograve;n được phi&ecirc;u lưu mạo hiểm c&ugrave;ng Đĩa bay h&agrave;nh tinh lạ hay ngắm cảnh đẹp Suối Ti&ecirc;n từ Xe c&aacute;p treo du lịch tr&ecirc;n kh&ocirc;ng.</p>\r\n\r\n<p>Đại lễ Vu Lan b&aacute;o hiếu</p>\r\n\r\n<p>L&agrave; c&ocirc;ng vi&ecirc;n du lịch chuy&ecirc;n đề văn h&oacute;a t&acirc;m linh, Suối Ti&ecirc;n đem đến cho du kh&aacute;ch bốn m&ugrave;a lễ hội đậm đ&agrave; bản sắc d&acirc;n tộc. Th&aacute;ng bảy &acirc;m lịch, khu du lịch văn h&oacute;a tổ chức Đại lễ Vu Lan b&aacute;o hiếu 2015 với nhiều nghi thức Phật gi&aacute;o trang trọng như lễ cung nghinh hơn 700 Chư T&ocirc;n Đức Tăng Ni; lễ thuyết ph&aacute;p khai kinh tại Long Hoa Thi&ecirc;n Bảo; lễ c&uacute;ng dường B&aacute;t Hội t&aacute;i hiện con đường tu h&agrave;nh khổ hạnh của Đức Phật Th&iacute;ch Ca.</p>\r\n\r\n<p>M&ugrave;a hiếu hạnh 2015, du kh&aacute;ch c&oacute; thể đến những c&acirc;y ước nguyện ở Rừng Nguy&ecirc;n Sinh, Đại Bồ Đề Quang Minh Cảnh, Long Hoa Sơn Nhật Nguyệt viết lời cầu nguyện cho cha mẹ mạnh khỏe, gia đ&igrave;nh an khang. Quảng trường Long Hoa Sơn Nhật Nguyệt mới kh&aacute;nh th&agrave;nh tại Suối Ti&ecirc;n mang &yacute; nghĩa Phật ph&aacute;p huyền nhiệm - Đức Phật Di Lặc khai hội Long Hoa ban ph&uacute;c l&agrave;nh cho mọi người.</p>\r\n\r\n<table align=\"center\" border=\"0\" cellpadding=\"2\" cellspacing=\"0\" style=\"width:100%\">\r\n	<tbody>\r\n		<tr>\r\n			<td style=\"text-align:center\"><img alt=\"\" src=\"http://localhost:8080/WebDuLich/view/resource/image/user/5/27.png\" style=\"height:450px; width:600px\" /></td>\r\n		</tr>\r\n		<tr>\r\n			<td>\r\n			<p>Quảng trường Long Hoa Sơn Nhật Nguyệt.</p>\r\n			</td>\r\n		</tr>\r\n	</tbody>\r\n</table>\r\n\r\n<p>Xuy&ecirc;n suốt trong chuỗi hoạt động m&ugrave;a Vu Lan, du kh&aacute;ch sẽ tham gia v&agrave;o tục c&uacute;ng th&iacute; gi&agrave;n, c&uacute;ng rải đậu mang đậm n&eacute;t t&iacute;n ngưỡng d&acirc;n gian Nam Bộ v&agrave; thưởng thức chương tr&igrave;nh văn nghệ chủ đề &quot;Ơn nghĩa sinh th&agrave;nh&quot;, chương tr&igrave;nh s&acirc;n khấu h&oacute;a Mục Li&ecirc;n Thanh Đề. Du kh&aacute;ch c&ograve;n được thưởng l&atilde;m nghệ thuật thư ph&aacute;p, c&aacute;c lời dạy của Phật, c&aacute;c b&agrave;i thơ hiếu &acirc;n tại Đại Bồ Đề Quang Minh Cảnh v&agrave; tr&ecirc;n c&aacute;c cung đường lễ hội.</p>\r\n\r\n<p>Rằm th&aacute;ng bảy (tức 28/8), Suối Ti&ecirc;n phục vụ du kh&aacute;ch đại tiệc buffet chay miễn ph&iacute; đ&atilde; được x&aacute;c lập kỷ lục Việt Nam - &quot;Đại tiệc buffet chay c&oacute; số lượng người tham dự nhiều nhất&quot; (từ năm 2008). C&aacute;c t&aacute;c phẩm Phật gi&aacute;o tr&ecirc;n khắp c&aacute;c cung đường của khu du lịch như tượng Phật Th&iacute;ch Ca tịnh thiền dưới Cội Bồ Đề; th&aacute;nh tượng Qu&aacute;n Thế &Acirc;m Thi&ecirc;n Thủ Thi&ecirc;n Nh&atilde;n; Thi&ecirc;n Cảnh Bồng Lai Lưu Ly Thất Bảo; quảng trường Phật Địa Mẫu thu h&uacute;t đ&ocirc;ng đảo du kh&aacute;ch thăm v&agrave; cầu nguyện.</p>\r\n\r\n<p>Nhằm tri &acirc;n du kh&aacute;ch nh&acirc;n kỷ niệm 20 năm th&agrave;nh lập, từ ng&agrave;y 3/9 đến ng&agrave;y 30/9, Khu du lịch Văn h&oacute;a Suối Ti&ecirc;n ph&aacute;t h&agrave;nh v&eacute; combo 20 tr&ograve; chơi với mỗi combo người lớn gi&aacute; 530.000 đồng chỉ c&ograve;n 250.000 đồng, combo trẻ em gi&aacute; 390.000 đồng chỉ c&ograve;n 200.000 đồng. Du kh&aacute;ch mua một v&eacute; cổng sẽ được tặng một v&eacute; tham quan miễn ph&iacute; Vương Quốc C&aacute; Sấu - Giang Sơn B&aacute;ch Th&uacute;. Trong ng&agrave;y 2/9, 200 du kh&aacute;ch đến sớm nhất sẽ được tặng miễn ph&iacute; combo 20 tr&ograve; chơi của Suối Ti&ecirc;n.</p>\r\n','2015-12-30 21:44:30','0',2,0,0,'',0),(2,2,1,5,'Khu Du Lịch Phong Nha Kẻ Bàng','<p>Khu Phong Nha-Kẻ B&agrave;ng nằm trong v&ugrave;ng sinh th&aacute;i Bắc Trường Sơn thuộc địa phận c&aacute;c huyện Bố Trạch; Minh Ho&aacute;; Quảng Ninh; được đ&aacute;nh gi&aacute; l&agrave; một trong 238 sinh th&aacute;i quan trọng tr&ecirc;n to&agrave;n cầu, với c&aacute;c d&atilde;y n&uacute;i đ&aacute; v&ocirc;i ph&aacute;t triển hầu nhu li&ecirc;n tục v&agrave; th&agrave;nh phần tương đối đồng nhất, được đ&aacute;nh gi&aacute; l&agrave; v&ugrave;ng Karst rộng nhất với diện t&iacute;ch tr&ecirc;n 200.000 ha, l&agrave; một mẫu điển h&igrave;nh của qu&aacute; tr&igrave;nh địa chất về thể loại Karst v&agrave; h&igrave;nh th&agrave;nh hang động đang diễn biến to&agrave;n cầu kh&ocirc;ng chỉ ở lĩnh vực đa dạng sinh học m&agrave; c&ograve;n l&agrave; một khu vực thắng cảnh hang động bậc nhất thế giới.</p>\r\n\r\n<p>&nbsp;</p>\r\n\r\n<p><img alt=\"\" src=\"http://localhost:8080/WebDuLich/view/resource/image/user/5/19.png\" style=\"height:400px; width:600px\" /></p>\r\n\r\n<p>&nbsp;&nbsp;Khu Phong Nha-Kẻ B&agrave;ng c&oacute; một quần thể hơn 300 hang động lớn nhỏ phong ph&uacute;, kỳ vỹ được mệnh danh l&agrave; &ldquo; Vương quốc hang động&rdquo;, nơi tiềm ẩn nhiều điều kỳ lạ hấp dẫn, l&agrave; thi&ecirc;n đường cho c&aacute;c nh&agrave; khoa học hang động, c&aacute;c nh&agrave; th&aacute;m hiểm v&agrave; du lịch. Cho đến nay, hơn 170 hang động với tổng chiều d&agrave;i hàng trăm Km đ&atilde; được Đo&agrave;n khảo s&aacute;t Ho&agrave;ng gia Anh phối hợp với Khoa Địa l&yacute; Đại học Quốc gia H&agrave; Nội khảo s&aacute;t c&oacute; hệ thống, kỹ lưỡng v&agrave; đ&atilde; được c&ocirc;ng bố tr&ecirc;n Tạp ch&iacute; To&agrave;n cảnh Dư luận-số 48, th&aacute;ng 7 năm 1994, được đ&aacute;nh gi&aacute; l&agrave; một trong những kỳ quan đẹp nhất với c&aacute;c đặc trưng: c&oacute; s&ocirc;ng ngầm d&agrave;i nhất, c&oacute; cửa hang cao v&agrave; rộng nhất, c&aacute;c b&atilde;i c&aacute;t, b&atilde;i đ&aacute; ngầm đẹp nhất, c&oacute; hồ nước ngầm đẹp nhất, c&oacute; hang kh&ocirc; rộng v&agrave; đẹp nhất, c&oacute; hệ thống thạch nhũ kỳ ảo v&agrave; tr&aacute;ng lệ nhất, l&agrave; hang nước d&agrave;i nhất. Trong c&aacute;c hang động th&igrave; Phong Nha thật sự nổi bật bởi chiều d&agrave;i khảo s&aacute;t gần 8 km, chủ yếu với s&ocirc;ng ngầm, chắc chắn l&agrave; một hang tuyệt đẹp. hang V&ograve;m ( d&agrave;i tr&ecirc;n 15 km) được xếp v&agrave;o danh s&aacute;ch hang động c&oacute; s&ocirc;ng ngầm d&agrave;i nhất thế giới.<img alt=\"\" src=\"http://localhost:8080/WebDuLich/view/resource/image/user/5/53.png\" style=\"float:right; height:300px; width:400px\" /></p>\r\n\r\n<p>&nbsp; C&ugrave;ng với hệ thống hang động kỳ diệu, s&ocirc;ng Tro&oacute;c, s&ocirc;ng Ch&agrave;y, s&ocirc;ng Son trong khu vực Phong Nha-Kẻ B&agrave;ng với d&ograve;ng nước trong xanh chảy giữa v&ugrave;ng n&uacute;i đ&aacute; c&oacute; rừng tạo n&ecirc;n cảnh đẹp thơ mộng như bức tranh thuỷ mặc quyến rũ du kh&aacute;ch.</p>\r\n\r\n<p>&nbsp;&nbsp; Rừng nguy&ecirc;n sinh Phong Nha-Kẻ B&agrave;ng c&oacute; h&agrave;ng chục đỉnh n&uacute;i cao tr&ecirc;n 1.000 m, hiểm trở chưa từng c&oacute; vết ch&acirc;n người, l&agrave; c&aacute;c điểm hấp dẫn thể thao leo n&uacute;i v&agrave; th&aacute;m hiểm. Điển h&igrave;nh l&agrave; c&aacute;c đỉnh Co Rilata cao 1.128 m, Co Preu cao 1.213 m. Xen kẻ giữa c&aacute;c đỉnh n&uacute;i tr&ecirc;n 1.000 m l&agrave; những thung lũng v&agrave; c&aacute;c đỉnh cao từ 800 m đến 1.000 m, th&iacute;ch hợp cho du lịch sinh th&aacute;i v&agrave; leo n&uacute;i nhu Phu Sinh 965 m, Ma Ma 835 m. Đặc biệt, đỉnh M&atilde; T&aacute;c cao 721 m c&oacute; thung lũng với mặt bằng rộng 70 ha.</p>\r\n\r\n<p>&nbsp;&nbsp;&nbsp; Trong Vườn Quốc gia Phong Nha-Kẻ B&agrave;ng c&ograve;n tồn tại một khu rừng nhiệt đới nguy&ecirc;n sinh &iacute;t bị t&aacute;c động với độ che phủ tr&ecirc;n 96,2% v&agrave; c&oacute; t&iacute;nh đa dạng sinh học cao. Tại v&ugrave;ng n&agrave;y theo số liệu điều tra, bước đầu c&oacute; nhiều loại thực vật đặc hữu của rừng n&uacute;i đ&aacute; v&ocirc;i như Ch&ograve; đ&atilde;i, Ch&ograve; nước, Trầm hương, Nghiến, Sắng, Ba k&iacute;ch v&agrave; Sao&hellip; Thực vật bậc cao c&oacute; mạch gồm 1.762 họ, 511 chi, 876 lo&agrave;i. Trong đ&oacute; c&oacute; 38 lo&agrave;i được ghi v&agrave;o S&aacute;ch&nbsp; Đỏ Việt Nam v&agrave; 25 lo&agrave;i được ghi v&agrave;o S&aacute;ch Đỏ của IUCN ( Hiệp hội bảo tồn Thi&ecirc;n nhi&ecirc;n Thế giới) v&agrave; 13 lo&agrave;i đặc hữu ở Việt Nam. Gần đ&acirc;y c&aacute;c nh&agrave; khoa học ph&aacute;t hiện th&ecirc;m nhiều lo&agrave;i thực vật qu&yacute; hiếm c&oacute; nguy cơ tiệt chủng cao ngo&agrave;i tự nhi&ecirc;n như B&aacute;ch xanh đ&aacute;, Lan h&agrave;i đốm, Lan h&agrave;i xanh, lan h&agrave;i soắn v&agrave; nhiều thực vật qu&yacute; hiếm kh&aacute;c cũng được ghi nhận. Ngo&agrave;i t&agrave;i nguy&ecirc;n thực vật đa dạng,&nbsp; đối với động vật đ&atilde; x&aacute;c đinh được 140 lo&agrave;i th&uacute; lớn, c&oacute; 35 lo&agrave;i được m&ocirc; tả trong S&aacute;ch Đỏ Việt Nam v&agrave; 19 lo&agrave;i được liệt k&ecirc; trong S&aacute;ch Đỏ của IUCN; 356 lo&agrave;i chim, c&oacute; 15 lo&agrave;i được ghi trong S&aacute;ch Đỏ Việt Nam, 19 lo&agrave;i liệt k&ecirc; trong S&aacute;ch Đỏ của IUCN; 99 lo&agrave;i b&ograve; s&aacute;t v&agrave; lưỡng cư, trong đ&oacute; 4 lo&agrave;i b&ograve; s&aacute;t mới được ph&aacute;t hiện như Thằn lằn tai, Tắc k&egrave; Phong Nha, Rắn lục Trường Sơn, Rắn mai gầm th&agrave;nh, c&oacute; 18 lo&agrave;i được liệt k&ecirc; trong S&aacute;ch Đỏ Việt Nam v&agrave; 6 lo&agrave;i được đư trong S&aacute;ch Đỏ của IUCN; 259 lo&agrave;i bướm; 162 lo&agrave;i c&aacute;, trong đ&oacute; c&oacute; 4 lo&agrave;i đặc hữu đối với Quảng B&igrave;nh; 47 lo&agrave;i ếch nh&aacute;i. Đặc biệt rừng tr&ecirc;n n&uacute;i đ&aacute; v&ocirc;i l&agrave; nơi ph&acirc;n bố nhiều lo&agrave;i Linh trưởng nhất Việt Nam, gồm 10 lo&agrave;i được ghi nhận, chiếm khoảng 50% tổng số lo&agrave;i thuộc bộ Linh trưởng ở Việt Nam, 7 lo&agrave;i thuộc bộ Linh trưởng được liệt k&ecirc; v&agrave;o S&aacute;ch Đỏ Việt Nam. So với c&aacute;c khu bảo tồn v&agrave; vườn quốc gia kh&aacute;c ở Việt Nam th&igrave; độ phong ph&uacute; của c&aacute;c lo&agrave;i động vật ở Phong Nha-Kẻ B&agrave;ng c&ograve;n kh&aacute; cao. C&aacute;c lo&agrave;i qu&yacute; hiếm, đặc biệt Linh trưởng c&oacute; số lượng cao nhất nước.</p>\r\n\r\n<p>&nbsp;&nbsp;&nbsp; Ngo&agrave;i sinh cảnh thảm thực vật v&agrave; động vật hoang d&atilde;, Khu Phong Nha-Kẻ B&agrave;ng c&ograve;n l&agrave; nơi đ&atilde; từng tồn tại v&agrave; đang hiện diện cả một hệ di t&iacute;ch lịch sử văn ho&aacute; c&oacute; gi&aacute; trị cho nhiều thời đại như c&aacute;c di t&iacute;ch khảo cổ học thời tiền sử, văn ho&aacute; Chămpa v&agrave; Việt cổ, di t&iacute;ch căn cứ kh&aacute;ng chiến chống Ph&aacute;p của vua H&agrave;m Nghi cuối thế kỷ XIX tại n&uacute;i Ma Rai v&agrave; những địa danh nổi tiếng tr&ecirc;n đường m&ograve;n Hồ Ch&iacute; Minh như bến ph&agrave; Xu&acirc;n Sơn, bến ph&agrave; Nguyễn Văn Trỗi, đường 20 quyết thắng đ&atilde; đi v&agrave;o huyền thoại gắn liền với những chiến c&ocirc;ng hiển h&aacute;ch v&agrave; sự hi sinh cao cả của d&acirc;n tộc Việt Nam trong chiến tranh gi&agrave;nh độc lập v&agrave; thống nhất Tổ quốc.</p>\r\n\r\n<p>&nbsp;&nbsp;&nbsp; Th&ecirc;m nữa, trong khu vực Phong Nha-Kẻ B&agrave;ng sinh sống chủ yếu l&agrave; người Chứt, một số &iacute;t người Việt v&agrave; Bru-V&acirc;n Kiều. D&acirc;n tộc Chứt ở Quảng B&igrave;nh bao gồm c&aacute;c tộc người: S&aacute;ch, M&agrave;y, Rục, Arem, M&atilde; Liềng, c&oacute; khoảng 3.500 người ph&acirc;n bố chủ yếu ở c&aacute;c huyện Tuy&ecirc;n Ho&aacute;, Minh Ho&aacute; v&agrave; một số &iacute;t người ở Bố Trạch. Trong khu vực Phong Nha-Kẻ B&agrave;ng, người Chứt c&oacute; mặt ở hai huyện Minh Ho&aacute; v&agrave; Bố Trạch gồm hầu hết c&aacute;c tộc người, trừ M&atilde; Liềng, với khoảng 2.450 người. Người Chứt (được gọi l&agrave; Chứt Poong) v&agrave; ng&ocirc;n ngữ của họ với đo&aacute;n định được t&aacute;ch ra từ tiếng Việt-Mường đầu ti&ecirc;n v&agrave;o khoảng thế kỷ V-VI. Danh xưng &ldquo;Chứt&rdquo; c&oacute; nghĩa l&agrave; &ldquo;R&egrave;m Đ&aacute;&rdquo;, &ldquo;N&uacute;i Đ&aacute;&rdquo;. Người Chứt ở Phong Nha-Kẻ B&agrave;ng d&ugrave; l&agrave; d&acirc;n cư n&ocirc;ng nghiệp, nhưng trước đ&acirc;y họ chủ yếu săn bắt, h&aacute;i lượm, sống trong t&igrave;nh trạng hết sức lạc hậu, hoang d&atilde;. Đại bộ phận c&aacute;c tộc người Chứt sống du canh, du cư trong rừng n&uacute;i, trong c&aacute;c hang động r&egrave;m đ&aacute;&hellip; Hiện nay đời sống tinh thần v&agrave; vật chất của người Chứt đang từng bước được cải thiện. Người Chứt văn ho&aacute; vật thể v&agrave; phi vật thể của họ l&agrave; đối tượng nghi&ecirc;n cứu của nhiều khoa học v&agrave; đồng thời l&agrave; địa chỉ hấp dẫn của loại h&igrave;nh du lịch văn ho&aacute; d&acirc;n tộc &iacute;t người ở v&ugrave;ng Phong Nha-Kẻ B&agrave;ng.</p>\r\n\r\n<p><img alt=\"\" src=\"http://localhost:8080/WebDuLich/view/resource/image/user/5/28.png\" style=\"height:401px; width:600px\" /></p>\r\n\r\n<p>&nbsp;&nbsp; Trong những năm qua, Khu du lịch Phong Nha-Kẻ B&agrave;ng đ&atilde; trở th&agrave;nh địa chỉ y&ecirc;u th&iacute;ch của du kh&aacute;ch. Số lượng kh&aacute;ch du lịch đến tham quan Phong Nha ng&agrave;y c&agrave;ng đ&ocirc;ng, nhất l&agrave; từ khi Vườn qu&ocirc;c gia Phong Nha-Kẻ B&agrave;ng được UNESCO c&ocirc;ng nhận l&agrave; Di Sản Thi&ecirc;n Nhi&ecirc;n Thế Giới. C&ugrave;ng với Th&aacute;nh Địa Mỹ Sơn, Phố cổ Hội An, Cố đ&ocirc; Huế, Di Sản Thi&ecirc;n Nhi&ecirc;n Thế Giới Phong Nha-Kẻ B&agrave;ng, tuyến du lịch độc đ&aacute;o &ldquo; Con đường Di sản Miền Trung&rdquo; h&igrave;nh th&agrave;nh v&agrave; lan rộng, tạo n&ecirc;n sức hấp dẫn đối với kh&aacute;ch du lịch.</p>\r\n\r\n<p>&nbsp; Hiện nay Ch&iacute;nh phủ Việt Nam đang lập hồ sơ khoa học Di sản thi&ecirc;n nhi&ecirc;n thế giới Vườn Quốc gia Phong Nha-Kẻ B&agrave;ng đẻ đệ tr&igrave;nh UNESCO xem x&eacute;t v&agrave; tiếp tục c&ocirc;ng nhận Vườn Quốc gia Phong Nha-Kẻ B&agrave;ng l&agrave; Di sản thi&ecirc;n nhi&ecirc;n thế giới lần thứ hai về ti&ecirc;u ch&iacute; đa dạng sinh học.</p>\r\n','2015-12-30 21:50:54','0',1,0,0,'',0),(3,2,8,5,'Khu Du Lịch Bình Quới','<p>Khu du lịch B&igrave;nh Quới TPHCM, một khung cảnh thi&ecirc;n nhi&ecirc;n tuyệt đẹp giữa l&ograve;ng th&agrave;nh phố l&agrave; nơi nghỉ dưỡng ưa th&iacute;ch của nhiều người. Khu du lịch B&igrave;nh Quới nằm tr&ecirc;n b&aacute;n đảo Thanh Đa cạnh s&ocirc;ng S&agrave;i G&ograve;n c&oacute; khoảng c&aacute;ch 8 km từ trung t&acirc;m th&agrave;nh phố.</p>\r\n\r\n<p><img alt=\"Khu du lịch Bình Quới TPHCM\" src=\"http://localhost:8080/WebDuLich/view/resource/image/user/5/57.JPG\" style=\"height:400px; width:600px\" /></p>\r\n\r\n<p><em>Khu du lịch B&igrave;nh Quới TPHCM</em></p>\r\n\r\n<p>Khu du lịch B&igrave;nh Quới bao gồm hệ thống Khu du lịch B&igrave;nh Quới 1, Khu du lịch B&igrave;nh Quới 2, Khu du lịch T&acirc;n Cảng, Khu du lịch Văn Th&aacute;nh v&agrave; nh&agrave; h&agrave;ng nổi Saigon l&agrave; năm đơn vị của L&agrave;ng du lịch B&igrave;nh Quới thuộc C&ocirc;ng ty Du lịch S&agrave;i G&ograve;n (Saigontourist).</p>\r\n\r\n<p>Đến với <a href=\"http://thegioihinhanh.com/khu-du-lich-binh-quoi-tphcm-co-gi-dac-sac-1-39.html\">Khu du lịch B&igrave;nh Quới</a> bạn sẽ được tận hưởng kh&ocirc;ng kh&iacute; thi&ecirc;n nhi&ecirc;n tươi đẹp với thảm cỏ, h&agrave;ng dừa xanh nghi&ecirc;ng m&igrave;nh che b&oacute;ng m&aacute;t, những con lạch nhỏ len lỏi giữa rặng dừa, những ao c&aacute; nhỏ y&ecirc;n b&igrave;nh bơi lượn..., v&agrave; c&aacute;c khu nh&agrave; tranh, v&aacute;ch đất như khung cảnh miền qu&ecirc; y&ecirc;n &atilde; của người d&acirc;n miền s&ocirc;ng nước.</p>\r\n\r\n<p>Tạm xa l&aacute;nh những ồn &agrave;o phố thị, đến với Khu du lịch B&igrave;nh Quới du kh&aacute;ch sẽ cảm thấy thoải m&aacute;i trong một m&ocirc;i trường y&ecirc;n b&igrave;nh, sạch sẽ v&agrave; tho&aacute;ng m&aacute;t lộng gi&oacute; của s&ocirc;ng S&agrave;i G&ograve;n. Đối với những người xa qu&ecirc; hương đ&atilde; l&acirc;u v&agrave; muốn t&igrave;m lại h&igrave;nh ảnh l&agrave;ng qu&ecirc; Việt Nam trong qu&aacute; khứ th&igrave; Khu du lịch B&igrave;nh Quới l&agrave; một nơi để gi&uacute;p họ hồi tưởng. Ở đ&acirc;y, bạn c&oacute; thể t&igrave;m thấy h&igrave;nh ảnh v&oacute; c&acirc;u tr&ecirc;n một d&ograve;ng k&ecirc;nh xanh, những chiếc thuyền, hay một chiếc cầu khỉ v&agrave; c&aacute;c khu nh&agrave; m&aacute;i tranh giữa h&agrave;ng c&acirc;y dừa nước tươi xanh.</p>\r\n\r\n<p><img alt=\"Hồn quê ở Khu du lịch Bình Quới TPHCM\" src=\"http://localhost:8080/WebDuLich/view/resource/image/user/5/58.JPG\" style=\"height:302px; width:491px\" /></p>\r\n\r\n<p><em>Hồn qu&ecirc; ở Khu du lịch B&igrave;nh Quới TPHCM</em></p>\r\n\r\n<p>V&agrave;o những ng&agrave;y cuối tuần, Khu du lịch B&igrave;nh Quới thường tổ chức chương tr&igrave;nh ẩm thực với chủ đề đặc sản miền Nam với những loại thức ă phong ph&uacute; của miền s&ocirc;ng nước Cửu Long. Tiệc buffet được tổ chức ngo&agrave;i trời, với gần 80 m&oacute;n ăn d&acirc;n d&atilde; từ c&oacute; truyền thống từ thời khai hoang của nhiều năm về trước đ&atilde; được giới thiệu v&agrave; được thực hiện gần như giống như c&aacute;c m&oacute;n ăn ban đầu. Đ&acirc;y l&agrave; một ph&aacute;t hiện th&uacute; vị v&agrave; bất ngờ cho du kh&aacute;ch.</p>\r\n\r\n<p>Như một th&ocirc;ng lệ, v&agrave;o th&aacute;ng T&aacute;m hoặc th&aacute;ng Ch&iacute;n h&agrave;ng năm, Khu du lịch B&igrave;nh Quới thường cử người đến c&aacute;c địa phương để khảo s&aacute;t v&agrave; thu thập c&aacute;c m&oacute;n ăn truyền thống để phục vụ cho du kh&aacute;ch. Du kh&aacute;ch c&oacute; thể t&igrave;m thấy ở B&igrave;nh Quới nhiều m&oacute;n ăn nổi tiếng của khu vực ph&iacute;a nam ng&agrave;y trước, chẳng hạn như c&aacute; l&oacute;c nướng trui, m&igrave; ăn với nước mắm Bạc Li&ecirc;u, ch&aacute;o c&aacute; l&oacute;c rau đắng, b&uacute;n gạo với c&aacute; r&ocirc; đồng, gỏi đu đủ, cơm nắm...</p>\r\n\r\n<p><img alt=\"Thưởng thức ẩm thực 3 miền ở Khu du lịch Bình Quới TPHCM\" src=\"http://localhost:8080/WebDuLich/view/resource/image/user/5/59.JPG\" style=\"height:365px; width:550px\" /></p>\r\n\r\n<p><em>Thưởng thức ẩm thực 3 miền ở Khu du lịch B&igrave;nh Quới TPHCM</em></p>\r\n\r\n<p>Kh&ocirc;ng giống như Khu du lịch B&igrave;nh Quới 1, Khu du lịch B&igrave;nh Quới 2 nằm c&aacute;ch đ&oacute; kh&ocirc;ng xa, lai mang một phong c&aacute;ch hiện đại hơn với những đặc điểm của một khu vực ven biển. Khu du lịch B&igrave;nh Quới 2 c&oacute; hai nh&agrave; kh&aacute;ch, hồ bơi, s&acirc;n tennis,... Tại đ&acirc;y c&ograve;n trang bị một s&acirc;n khấu để tổ chức c&aacute;c b&agrave;i h&aacute;t truyền thống, m&uacute;a v&agrave; chương tr&igrave;nh &acirc;m nhạc... Khu du lịch B&igrave;nh Quới với chương tr&igrave;nh ẩm thực &quot;M&oacute;n ngon ven biển&quot; mang phong c&aacute;ch mộc mạc tương tự như ở c&aacute;c l&agrave;ng ch&agrave;i ven biển miền Trung v&agrave;o cuối tuần.</p>\r\n\r\n<p><img alt=\"Một góc Khu du lịch Bình Quới TPHCM\" src=\"http://localhost:8080/WebDuLich/view/resource/image/user/5/60.JPG\" style=\"height:398px; width:600px\" /></p>\r\n\r\n<p><em>Một g&oacute;c Khu du lịch B&igrave;nh Quới TPHCM</em></p>\r\n\r\n<p><img alt=\"Khu du lịch Văn Thánh thuộc Du lịch Bình Quới TPHCM\" src=\"http://localhost:8080/WebDuLich/view/resource/image/user/5/61.JPG\" style=\"height:414px; width:600px\" /></p>\r\n\r\n<p><em>Khu du lịch Văn Th&aacute;nh thuộc Du lịch B&igrave;nh Quới TPHCM</em></p>\r\n\r\n<p><img alt=\"Chụp hình cưới tại Khu Du lịch Bình Quới TPHCM\" src=\"http://localhost:8080/WebDuLich/view/resource/image/user/5/62.JPG\" style=\"height:399px; width:600px\" /></p>\r\n\r\n<p><em>Chụp h&igrave;nh cưới tại Khu Du lịch B&igrave;nh Quới TPHCM</em></p>\r\n','2015-12-30 21:56:25','0',1,0,0,'',0),(4,2,18,5,'Du lịch Cao Bằng Thác Bản Giốc','<p>Du lịch Cao Bằng Th&aacute;c Bản Giốc hiện đang l&agrave; một trong những tr&agrave;o lưu được nhiều người biết đến v&agrave; l&agrave; một trong những điểm du lịch được nhiều c&ocirc;ng ty đưa v&agrave;o khai th&aacute;c với c&aacute;c tour ngắn ng&agrave;y, c&aacute;c kỳ nghỉ d&agrave;i hạn,&hellip;</p>\r\n\r\n<p>Kh&ocirc;ng chỉ được biết đến v&igrave; được b&igrave;nh chọn l&agrave; một trong những con th&aacute;c đẹp nhất ở nước ta m&agrave; hiện nay, du lịch Cao Bằng Th&aacute;c Bản Giốc c&ograve;n hấp dẫn du kh&aacute;ch bởi c&aacute;i kh&ocirc;ng kh&iacute; dễ chịu, những m&agrave;n sương nước tuyệt đẹp, sự h&ugrave;ng vĩ của con th&aacute;c v&agrave; cả sự th&acirc;n thiện, gần gũi v&agrave; hiếu kh&aacute;ch của con người nơi đ&acirc;y.</p>\r\n\r\n<p><img alt=\"Du lịch Cao Bằng Thác Bản Giốc\" src=\"http://localhost:8080/WebDuLich/view/resource/image/user/5/1.png\" style=\"height:375px; width:618px\" /></p>\r\n\r\n<p><em>Du lịch Cao Bằng Th&aacute;c Bản Giốc</em></p>\r\n\r\n<p>Khi đi du lịch Cao Bằng Th&aacute;c Bản Giốc, c&aacute;c bạn c&oacute; thể tranh thủ gh&eacute; thăm một số điểm tham quan trong tỉnh như hồ Thang Hen, động Ngườm Ngao, hang Pắc B&oacute;, cọn nước, hồ Ba Bể v&agrave; một số khu du lịch được đầu tư x&acirc;y dựng tại đ&acirc;y.</p>\r\n\r\n<p><img alt=\"Du lịch Cao Bằng Thác Bản Giốc\" src=\"http://localhost:8080/WebDuLich/view/resource/image/user/5/16.png\" style=\"height:369px; width:600px\" /></p>\r\n\r\n<p><em>Du lịch Cao Bằng Th&aacute;c Bản Giốc</em></p>\r\n\r\n<p>Khi đi du lịch Cao Bằng Th&aacute;c Bản Giốc, c&aacute;c bạn c&oacute; thể đi bằng xe kh&aacute;ch, xe m&aacute;y hoặc &ocirc; t&ocirc; ri&ecirc;ng. Nếu muốn chủ động hơn về thời gian v&agrave; cũng thoải m&aacute;i hơn trong suốt chuyến đi, c&aacute;c bạn n&ecirc;n chọn phương tiện c&aacute; nh&acirc;n l&agrave;m phương tiện di chuyển ch&iacute;nh, nếu biết sắp xếp thời gian di chuyển sớm một ch&uacute;t, c&aacute;c bạn c&oacute; thể đến được đ&acirc;y v&agrave;o buổi chiều.</p>\r\n\r\n<p><img alt=\"Du lịch Cao Bằng Thác Bản Giốc\" src=\"http://localhost:8080/WebDuLich/view/resource/image/user/5/21.png\" style=\"height:503px; width:750px\" /></p>\r\n\r\n<p><em>Du lịch Cao Bằng Th&aacute;c Bản Giốc</em></p>\r\n\r\n<p>Nếu bạn muốn đi xe kh&aacute;ch khi đi du lịch Cao Bằng Th&aacute;c Bản Giốc, c&aacute;c bạn c&oacute; thể li&ecirc;n hệ đặt v&eacute; ở một số h&atilde;ng xe uy t&iacute;n như Mai Luy, Thanh Ly, Hiền Lợi,&hellip; Đi lại v&agrave; di chuyển trong th&agrave;nh phố th&igrave; c&aacute;c bạn c&oacute; thể thu&ecirc; xe m&aacute;y theo ng&agrave;y, đi taxi hoặc xe &ocirc;m, t&ugrave;y v&agrave;o sở th&iacute;ch v&agrave; điều kiện của mỗi người.</p>\r\n\r\n<p><img alt=\"Du lịch Cao Bằng Thác Bản Giốc\" src=\"http://localhost:8080/WebDuLich/view/resource/image/user/5/15.png\" style=\"height:400px; width:600px\" /></p>\r\n\r\n<p><em>Du lịch Cao Bằng Th&aacute;c Bản Giốc</em></p>\r\n\r\n<p>Một điều nữa m&agrave; chắc chắn mọi người sẽ rất quan t&acirc;m khi đi du lịch Cao Bằng Th&aacute;c Bản Giốc, đ&oacute; ch&iacute;nh l&agrave; việc t&igrave;m kiếm địa điểm nghỉ ngơi th&iacute;ch hợp. Kh&aacute;ch sạn, nh&agrave; nghỉ ở đ&acirc;y kh&aacute; đa dạng, c&oacute; thể đ&aacute;p ứng được đầy đủ mọi nhu cầu của du kh&aacute;ch với nhiều loại ph&ograve;ng v&agrave; dịch vụ kh&aacute;c nhau (từ cao cấp cho đến b&igrave;nh d&acirc;n). Một số kh&aacute;ch sạn m&agrave; bạn c&oacute; thể tham khảo: nh&agrave; nghỉ Ho&agrave;n L&ecirc;, Tr&ugrave;ng Kh&aacute;nh, kh&aacute;ch sạn &Aacute;nh Dương, Bằng Giang, Đức Trung, Ho&agrave;n Anh, Ho&agrave;ng Gia.</p>\r\n','2015-12-30 21:59:30','0',1,0,0,'',0),(5,2,1,5,'Khu Du Lịch Vườn Xoài Bình Dương','<p>Kh&ocirc;ng chỉ ẩn chứa nhiều điều th&uacute; vị m&agrave; khu du lịch vườn xo&agrave;i B&igrave;nh Dương c&ograve;n hấp dẫn du kh&aacute;ch v&igrave; l&agrave; địa điểm du lịch nằm gần th&agrave;nh phố, rất th&iacute;ch hợp cho những ai ngại đi xa v&agrave;o những dịp cuối tuần hoặc c&aacute;c kỳ nghỉ ngắn ng&agrave;y với một điểm du lịch kh&aacute; gần.</p>\r\n\r\n<p>Ngo&agrave;i c&aacute;c địa điểm tham quan mới lạ, hấp dẫn, khu du lịch vườn xo&agrave;i B&igrave;nh Dương c&ograve;n c&oacute; nhiều thảm thực vật tự nhi&ecirc;n phong ph&uacute;, nhiều dịch vụ tham quan, vui chơi giải tr&iacute;, lu&ocirc;n sẵn s&agrave;ng phục vụ du kh&aacute;ch trong v&agrave; ngo&agrave;i nước. L&agrave; một trong những điểm du lịch h&uacute;t kh&aacute;ch bậc nhất của tỉnh B&igrave;nh Dương trong v&agrave;i năm trở lại đ&acirc;y.</p>\r\n\r\n<p><img alt=\"Khu du lịch Vườn Xoài Bình Dương\" src=\"http://localhost:8080/WebDuLich/view/resource/image/user/5/21.png\" style=\"height:402px; width:600px\" /></p>\r\n\r\n<p><em>Khu du lịch Vườn Xo&agrave;i B&igrave;nh Dương</em></p>\r\n\r\n<p>Cảm gi&aacute;c đầu ti&ecirc;n của đa số du kh&aacute;ch khi đặt ch&acirc;n đến khu du lịch vườn xo&agrave;i B&igrave;nh Dương l&agrave; sự ngỡ ng&agrave;ng trước cảnh sắc thi&ecirc;n nhi&ecirc;n của một v&ugrave;ng qu&ecirc; hoang d&atilde;, những con đường nhỏ uốn m&igrave;nh b&ecirc;n h&agrave;ng cọ dừa xanh mơn mởn như gọi mời du kh&aacute;ch đến tham quan v&agrave; dừng ch&acirc;n nghỉ ngơi tại đ&acirc;y.</p>\r\n\r\n<p><img alt=\"Khu du lịch Vườn Xoài Bình Dương\" src=\"http://localhost:8080/WebDuLich/view/resource/image/user/5/20.png\" style=\"height:450px; width:600px\" /></p>\r\n\r\n<p><em>Khu du lịch Vườn Xo&agrave;i B&igrave;nh Dương</em></p>\r\n\r\n<p>Ngo&agrave;i c&aacute;c dịch vụ vui chơi giải tr&iacute; v&agrave; c&aacute;c dịch vụ thường thấy ở x&atilde; hội hiện đại, du kh&aacute;ch đến với khu du lịch vườn xo&agrave;i B&igrave;nh Dương sẽ được tận hưởng kh&ocirc;ng kh&iacute; trong l&agrave;nh, đ&acirc;u đ&oacute; c&oacute; tiếng vi vu của những ch&uacute; chim đang h&oacute;t, tiếng l&aacute; reo h&ograve;a c&ugrave;ng tiếng suối ch&agrave;y r&oacute;c r&aacute;ch, nhanh ch&oacute;ng tạo th&agrave;nh một bản nhạc h&ograve;a tấu &ecirc;m tai, khiến du kh&aacute;ch như lạc v&agrave;o chốn thần ti&ecirc;n thơ mộng.</p>\r\n\r\n<p><img alt=\"Khu du lịch Vườn Xoài Bình Dương\" src=\"http://localhost:8080/WebDuLich/view/resource/image/user/5/1.png\" style=\"height:450px; width:600px\" /></p>\r\n\r\n<p><em>Khu du lịch Vườn Xo&agrave;i B&igrave;nh Dương</em></p>\r\n\r\n<p>Để đến được với khu du lịch vườn xo&agrave;i B&igrave;nh Dương, c&aacute;c bạn c&oacute; thể đi xe m&aacute;y, &ocirc; t&ocirc; ri&ecirc;ng hoặc xe bus đều được. T&ugrave;y v&agrave;o sở th&iacute;ch v&agrave; điều kiện của mỗi người m&agrave; c&aacute;c bạn c&oacute; thể đưa ra những lựa chọn kh&aacute;c nhau. Ăn uống th&igrave; khi đến khu du lịch vườn xo&agrave;i B&igrave;nh Dương, c&aacute;c bạn kh&ocirc;ng thể bỏ qua m&oacute;n đ&agrave; điểu nướng, gỏi đ&agrave; điều, đ&agrave; điểu t&aacute;i chanh, đ&agrave; điểu hấp gừng, c&aacute; sấu nướng, gỏi c&aacute; sấu, lẩu c&aacute; sấu, trứng c&aacute; sấu v&agrave; trứng đ&agrave; điểu nh&eacute;!</p>\r\n\r\n<p><img alt=\"Khu du lịch Vườn Xoài Bình Dương\" src=\"http://localhost:8080/WebDuLich/view/resource/image/user/5/22.png\" style=\"height:484px; width:600px\" /></p>\r\n\r\n<p><em>Khu du lịch Vườn Xo&agrave;i B&igrave;nh Dương</em></p>\r\n\r\n<p>Nếu muốn tiết kiệm, c&aacute;c bạn c&oacute; thể tự mang theo c&aacute;c vật dụng cần thiết (bếp, than, thức ăn, ch&eacute;n đũa,&hellip;) v&agrave; mang v&agrave;o khu du lịch thu&ecirc; chỗ tự chế biến, vừa ngon, bổ, vui vẻ m&agrave; lại rẻ nữa đấy.</p>\r\n','2015-12-30 22:03:04','0',5,0,0,'',0),(6,2,1,5,'Khu Du Lịch Đồng Nai','<p>Khi đến với Đồng Nai du kh&aacute;ch sẽ tận hưởng sắc th&aacute;i của một v&ugrave;ng mang đậm chất miền Đ&ocirc;ng Nam bộ. C&aacute;c điểm du lịch ở Đồng Nai kh&ocirc;ng c&oacute; biển nhưng du kh&aacute;ch lu&ocirc;n sảng kho&aacute;i bởi nơi đ&acirc;y c&oacute; nhiều th&aacute;c đẹp v&agrave; phong cảnh hữu t&igrave;nh.</p>\r\n\r\n<p>S&ocirc;ng nước gắn liền với những khu du lịch sinh th&aacute;i, c&aacute;c m&oacute;n ăn rặc m&ugrave;i vị nam bộ v&agrave; con người th&acirc;n thiện, hiếu kh&aacute;ch nơi đ&acirc;y sẽ khiến du kh&aacute;ch trải l&ograve;ng m&igrave;nh v&agrave; thoải m&aacute;i sau những ng&agrave;y vui chơi tại c&aacute;c điểm du lịch ở Đồng Nai.</p>\r\n\r\n<p><img alt=\"các điểm du lịch ở đồng nai\" src=\"http://localhost:8080/WebDuLich/view/resource/image/user/5/63.JPG\" style=\"height:450px; width:600px\" /></p>\r\n\r\n<p><em>C&aacute;c điểm du lịch ở Đồng Nai nổi tiếng nhất</em></p>\r\n\r\n<p><strong>S&ocirc;ng Đồng Nai</strong></p>\r\n\r\n<p>Nhắc đến c&aacute;c điểm du lịch ở Đồng Nai th&igrave; đầu ti&ecirc;n phải n&oacute;i đến S&ocirc;ng Đồng Nai kh&ocirc;ng kh&iacute; cực trong l&agrave;nh, y&ecirc;n tĩnh sẽ g&oacute;p th&ecirc;m phần th&iacute;ch th&uacute; khi du kh&aacute;ch tham quan những khu l&agrave;ng nghề nổi tiếng như gốm T&acirc;n Vạn, đồ gỗ mỹ nghệ Xu&acirc;n T&acirc;m, hay l&agrave;ng bưởi T&acirc;n Triều dọc tr&ecirc;n s&ocirc;ng Đồng Nai.</p>\r\n\r\n<p><strong>Khu du lịch Bửu Long (Vịnh Hạ Long thu nhỏ của Đồng Nai)</strong></p>\r\n\r\n<p>Rất đẹp, rất duy&ecirc;n d&aacute;ng v&agrave; n&ecirc;n thơ, Bửu Long xứng đ&aacute;ng được du kh&aacute;ch chọn l&agrave; một trong <a href=\"http://thegioihinhanh.com/cac-diem-du-lich-o-dong-nai-noi-tieng-nhat-6-4.html\">c&aacute;c điểm du lịch ở Đồng Nai</a> cần kh&aacute;m ph&aacute;. Nằm c&aacute;ch TPHCM kh&ocirc;ng xa, Bửu Long được xem l&agrave; khu du lịch được x&acirc;y dựng kh&aacute; quy m&ocirc; nằm quanh hồ nước nh&acirc;n tạo Long Ẩn. Kiến tr&uacute;c nơi đ&acirc;y được v&iacute; von như một Vịnh Hạ Long thu nhỏ. Ở nơi đ&acirc;y, rất nhiều v&aacute;ch đ&aacute; in b&oacute;ng tr&ecirc;n mặt hồ nước xanh long lanh, tạo cho khung cảnh hồ c&oacute; một vẻ đẹp ấn tượng, quyến rũ nằm trong một cảnh sắc thi&ecirc;n nhi&ecirc;n mỹ lệ với những n&uacute;i cao, hồ rộng được thiết kế h&agrave;i h&ograve;a với c&aacute;c c&ocirc;ng tr&igrave;nh kiến tr&uacute;c nghệ thuật mang dấu ấn t&ocirc;n gi&aacute;o của nhiều thời đại.</p>\r\n\r\n<p><strong>Đ&aacute; Ba Chồng</strong></p>\r\n\r\n<p><img alt=\"Các điểm du lịch ở Đồng Nai - Đá Ba Chồng\" src=\"http://localhost:8080/WebDuLich/view/resource/image/user/5/34.png\" style=\"float:right; height:177px; width:284px\" /></p>\r\n\r\n<p><em>C&aacute;c điểm du lịch ở Đồng Nai nổi tiếng nhất - Đ&aacute; Ba Chồng</em></p>\r\n\r\n<p>Một trong c&aacute;c điểm du lịch ở Đồng Nai m&agrave; bạn n&ecirc;n đến tham quan đ&oacute; ch&iacute;nh l&agrave; đ&aacute; Ba Chồng. Địa điểm n&agrave;y nằm tr&ecirc;n đường hướng đi Đ&agrave; Lạt, thuộc huyện Định Qu&aacute;n, tỉnh Đồng nai. Đ&aacute; Ba Chồng c&oacute; 3 h&ograve;n đ&aacute; xếp chồng l&ecirc;n nhau, cao 36 m&eacute;t, h&ograve;n đ&aacute; ph&iacute;a dưới c&ugrave;ng lớn gấp hai h&ograve;n nằm tr&ecirc;n, h&ograve;n tr&ecirc;n c&ugrave;ng th&igrave; nằm ch&igrave;a hẳn ra ngo&agrave;i, chừng như muốn đổ xuống bất kỳ l&uacute;c n&agrave;o n&ecirc;n gọi l&agrave; đ&aacute; Ba Chồng. Với h&igrave;nh th&ugrave; k&igrave; lạ của sự kiến tạo tự nhi&ecirc;n n&agrave;y, Đ&aacute; Ba Chồng lu&ocirc;n thu h&uacute;t kh&aacute;ch du lịch khắp nơi, ở trong nước cũng như nước ngo&agrave;i, đến đ&acirc;y để thưởng l&atilde;m v&agrave; chụp h&igrave;nh lưu niệm.</p>\r\n\r\n<p><strong>Th&aacute;c Giang Điền</strong></p>\r\n\r\n<p><strong><img alt=\"Các điểm du lịch ở Đồng Nai - Thác Giang Điền\" src=\"http://localhost:8080/WebDuLich/view/resource/image/user/5/29.png\" style=\"height:330px; width:675px\" /></strong></p>\r\n\r\n<p><em>C&aacute;c điểm du lịch ở Đồng Nai nổi tiếng nhất - Th&aacute;c Giang Điền</em></p>\r\n\r\n<p>Th&aacute;c Giang Điền c&oacute; thể n&oacute;i l&agrave; một trong c&aacute;c điểm du lịch ở Đồng Nai thu h&uacute;t kh&aacute;ch du lịch khắp nơi bởi sự n&ecirc;n thơ v&agrave; kỳ vỹ của n&oacute;. Th&aacute;c Giang Điền nằm c&aacute;ch TPHCM chừng 20km. Khu du lịch sinh th&aacute;i Th&aacute;c Giang Điền nằm ở ấp H&ograve;a B&igrave;nh, x&atilde; Giang Điền, huyện Trảng Bom. Đ&acirc;y l&agrave; điểm du lịch hấp dẫn, th&uacute; vị, ph&ugrave; hợp cho hoạt động d&atilde; ngoại, vui chơi sinh hoạt cộng đồng của c&aacute;c đo&agrave;n thể, trường học v&agrave; c&aacute;c gia đ&igrave;nh. Khu du lịch Th&aacute;c Giang Điền nổi tiếng với thảm thực vật v&ocirc; c&ugrave;ng phong ph&uacute;, khung cảnh đẹp của s&ocirc;ng nước cũng như c&aacute;c th&aacute;c nước đổ từ tr&ecirc;n cao tung bọt trắng x&oacute;a, trong veo v&agrave; m&aacute;t lạnh.</p>\r\n\r\n<p>Men theo triền n&uacute;i, du kh&aacute;ch c&oacute; thể đến tham quan một địa điểm đ&oacute; l&agrave; khu trang trại mang t&ecirc;n Kỳ Cục. Đ&acirc;y l&agrave; một khu vườn nh&acirc;n tạo nhỏ, được thiết kế dựa tr&ecirc;n khung cảnh hoang sơ, gần gũi với thi&ecirc;n nhi&ecirc;n. S&acirc;u trong trang trại rộng lớn ấy c&ograve;n c&oacute; cả một cung điện cổ điển kiểu La M&atilde; rất độc đ&aacute;o v&agrave; ấn tượng.</p>\r\n\r\n<p><strong>Vườn quốc gia C&aacute;t Ti&ecirc;n</strong></p>\r\n\r\n<p><strong><img alt=\"Các điểm du lịch ở Đồng Nai - Rừng Nam Cát Tiên\" src=\"http://localhost:8080/WebDuLich/view/resource/image/user/5/26.png\" style=\"height:495px; width:600px\" /></strong></p>\r\n\r\n<p><em>C&aacute;c điểm du lịch ở Đồng Nai nổi tiếng nhất - Rừng Nam C&aacute;t Ti&ecirc;n</em></p>\r\n\r\n<p>Với diện t&iacute;ch hơn 74.300 hecta thuộc huyện T&acirc;n Ph&uacute;, vườn quốc gia C&aacute;t Ti&ecirc;n được UNESCO c&ocirc;ng nhận l&agrave; 1 trong 6 khu dự trữ sinh quyển của thế giới v&agrave; l&agrave; một trong c&aacute;c điểm du lịch ở Đồng Nai lớn nhất. Hấp dẫn du kh&aacute;ch bởi n&eacute;t h&ugrave;ng vĩ của n&uacute;i rừng, đ&acirc;y cũng ch&iacute;nh l&agrave; bảo t&agrave;ng quốc tế c&oacute; &yacute; nghĩa về khoa học v&agrave; văn h&oacute;a của Việt Nam. Du kh&aacute;ch c&oacute; thể tham quan du lịch theo c&aacute;c tuyến Ghềnh Bến Cự, tuyến th&aacute;c Mỏ Vẹt, tuyến th&aacute;c Trời - th&aacute;c Dựng, tuyến di chỉ văn h&oacute;a C&aacute;t Ti&ecirc;n, tuyến sinh th&aacute;i, tuyến xem th&uacute; đ&ecirc;m, tuyến vườn thực vật.&nbsp;</p>\r\n\r\n<p>Ngo&agrave;i ra, du kh&aacute;ch c&ograve;n c&oacute; thể dạo bộ trong rừng, đi xe đạp, ngồi tr&ecirc;n &ocirc;t&ocirc; hoặc du thuyền tr&ecirc;n s&ocirc;ng để thưởng l&atilde;m cảnh quan thi&ecirc;n nhi&ecirc;n h&ugrave;ng vĩ, thơ mộng. Đắm m&igrave;nh trong những &acirc;m thanh huyền diệu của n&uacute;i rừng, bạn sẽ c&oacute; được những ph&uacute;t gi&acirc;y thư gi&atilde;n thật th&uacute; vị.&nbsp;</p>\r\n\r\n<p><strong>Th&aacute;c Mai</strong></p>\r\n\r\n<p>Th&aacute;c Mai nằm c&aacute;ch th&agrave;nh phố Hồ Ch&iacute; Minh khoảng 170km, nằm s&acirc;u trong rừng n&uacute;i thuộc địa phận Định Qu&aacute;n. Th&aacute;c Mai trải d&agrave;i khoảng 2km diện t&iacute;ch mặt nước, được hợp th&agrave;nh từ v&ocirc; số d&ograve;ng suối, th&aacute;c, v&agrave; s&ocirc;ng nhỏ. Đ&acirc;y l&agrave; một trong số những ngọn th&aacute;c ở Đồng Nai vẫn giữ nguy&ecirc;n được n&eacute;t hoang sơ, mộc mạc chưa bị con người t&aacute;c động v&agrave;o nhiều.</p>\r\n\r\n<p>V&agrave;o m&ugrave;a hoa nở, th&aacute;c Mai c&ograve;n đẹp hơn rất nhiều khi khắp triền suối l&agrave; hoa mai, hoa lan rừng, thủy ti&ecirc;n v&ocirc; c&ugrave;ng m&agrave;u sắc v&agrave; bắt mắt. Th&aacute;c Mai xứng đ&aacute;ng l&agrave; một trong c&aacute;c điểm du lịch ở Đồng Nai m&agrave; du kh&aacute;ch n&ecirc;n kh&aacute;m ph&aacute; khi đặt ch&acirc;n đến m&atilde;nh đất Đồng Nai hữu t&igrave;nh.</p>\r\n\r\n<p><strong>Khu di lịch sinh th&aacute;i Vườn Xo&agrave;i</strong></p>\r\n\r\n<p>Vườn Xo&agrave;i c&oacute; đất đai rộng lớn, cảnh quan xinh tươi, nhiều c&ocirc;ng tr&igrave;nh thi&ecirc;n nhi&ecirc;n v&agrave; nh&acirc;n tạo hấp dẫn như: Quảng trường Thảo Nguy&ecirc;n, hồ Mẫu Tử, Khu nghỉ dưỡng B&igrave;nh An, Rừng tre B&aacute;t Độ, đường cổ Trạng Nguy&ecirc;n, đồi Vọng Cảnh, suối Huynh Đệ, s&acirc;n khấu Trống Đồng&hellip; Vườn Xo&agrave;i c&oacute; nhiều b&atilde;i cỏ đẹp, nhiều khoảng kh&ocirc;ng gian xanh m&aacute;t, nhiều điểm ri&ecirc;ng tư l&yacute; th&uacute; tạo điều kiện thuận lợi cho c&ocirc;ng ty v&agrave; c&aacute; nh&acirc;n tổ chức ngay hội hay sự kiện cho ri&ecirc;ng m&igrave;nh. B&ecirc;n cạnh đ&oacute;, Vườn Xo&agrave;i c&ograve;n c&oacute; diện t&iacute;ch mặt hồ lớn, c&oacute; d&ograve;ng suối thi&ecirc;n nhi&ecirc;n rộng, c&oacute; hồ bơi hấp dẫn rất tốt cho c&aacute;c tr&ograve; chơi hoặc c&aacute;c lễ hội mang phong c&aacute;ch tr&ecirc;n bến dưới thuyền. Nhiều con đường quanh co, uốn lượn từ c&aacute;c nơi dẫn về trung t&acirc;m ph&ugrave; hợp cho những lễ hội mang phong c&aacute;ch xưa lẫn hiện đại. Đ&acirc;y l&agrave; một điểm du lịch ở Đồng Nai m&agrave; nếu c&oacute; thời gian bạn cũng kh&ocirc;ng n&ecirc;n bỏ qua.</p>\r\n\r\n<p><strong>B&ograve; Cạp V&agrave;ng</strong></p>\r\n\r\n<p><strong><img alt=\"Các điểm du lịch ở Đồng Nai - Bò Cạp Vàng\" src=\"http://localhost:8080/WebDuLich/view/resource/image/user/5/31.png\" style=\"height:447px; width:600px\" /></strong></p>\r\n\r\n<p><em>C&aacute;c điểm du lịch ở Đồng Nai nổi tiếng nhất - Khu du lịch B&ograve; Cạp V&agrave;ng</em></p>\r\n\r\n<p>Đến với Khu du lịch B&ograve; Cạp V&agrave;ng, kh&aacute;ch du lịch sẽ được h&ograve;a m&igrave;nh v&agrave;o những tr&ograve; chơi như: b&oacute;ng n&eacute;m, b&oacute;ng chuyền, tắm s&ocirc;ng c&acirc;u c&aacute;, ch&egrave;o xuồng, đi xe đạp nước, m&ocirc; t&ocirc; nước v&agrave; nhảy cầu...</p>\r\n\r\n<p>Nếu đi tham quan tập thể v&agrave; c&oacute; đăng k&yacute; th&igrave; nơi đ&acirc;y sẽ cung cấp những dụng cụ phục vụ tr&ograve; chơi tập thể như k&eacute;o co, c&agrave; kheo, khăn bịt mắt, b&agrave;n ch&acirc;n vịt, xe ngheo, ổ vịt trứng đẻ ...</p>\r\n\r\n<p>Nơi đ&acirc;y c&ograve;n l&agrave; nơi d&agrave;nh cho những du kh&aacute;ch th&iacute;ch cảm gi&aacute;c mạnh như đu d&acirc;y nhảy từ tr&ecirc;n cao xuống s&ocirc;ng, c&aacute;c tr&ograve; chơi n&agrave;y lu&ocirc;n c&oacute; huấn luyện vi&ecirc;n hướng dẫn v&agrave; tập luyện trước khi chơi, tạo cảm gi&aacute;c an to&agrave;n cho người du lịch đến với B&ograve; Cạp V&agrave;ng.</p>\r\n\r\n<p>Du kh&aacute;ch sẽ kh&ocirc;ng thể bỏ qua những m&oacute;n ăn đậm chất &quot;đồng qu&ecirc;&quot; như: g&agrave; nướng ni&ecirc;u đất, c&aacute; l&oacute;c nướng trui, canh chua, c&aacute; kho tộ... khi chọn điểm du lịch ở Đồng Nai như B&ograve; Cạp V&agrave;ng, Bửu Long&hellip;</p>\r\n','2015-12-30 22:06:53','0',6,0,0,'',0),(7,2,7,5,'Cuối tuần vui vẻ tại Khu du lịch Thác Giang Điền Đồng Nai','<p>lộ 1A ở huyện Trảng Bom, tỉnh Đồng Nai, c&aacute;ch khoảng 50km từ TP Hồ Ch&iacute; Minh, Khu du lịch Th&aacute;c Giang Điền bao gồm 67ha, đ&atilde; trở th&agrave;nh một điểm đến l&yacute; tưởng cho thanh thiếu ni&ecirc;n v&agrave; gia đ&igrave;nh, những người th&iacute;ch kh&aacute;m ph&aacute; vẻ đẹp của thi&ecirc;n nhi&ecirc;n. Khu du lịch Th&aacute;c Giang Điền bao gồm một thung lũng, đồi n&uacute;i, rừng, th&aacute;c nước v&agrave; c&aacute;c giống hoa lạ nở hoa quanh năm.</p>\r\n\r\n<p><img alt=\"Cuối tuần vui vẻ tại Khu du lịch Thác Giang Điền Đồng Nai\" src=\"http://localhost:8080/WebDuLich/view/resource/image/user/5/37.png\" style=\"height:400px; width:600px\" /></p>\r\n\r\n<p><em>Cuối tuần vui vẻ tại Khu du lịch Th&aacute;c Giang Điền Đồng Nai</em></p>\r\n\r\n<p>Theo chuyện kể lại từ người d&acirc;n địa phương th&igrave; đ&atilde; c&oacute; một v&agrave;i đ&ocirc;i y&ecirc;u nhau nhưng kh&ocirc;ng thể đến được với nhau n&ecirc;n họ đ&atilde; tự s&aacute;t gần Th&aacute;c Giang Điền, từ đ&oacute; tạo ra hai th&aacute;c nước kh&aacute;c c&oacute; t&ecirc;n Chang &ndash; ch&agrave;ng trai v&agrave; Nẵng - c&ocirc; g&aacute;i. Những th&aacute;c nước bắt đầu từ s&ocirc;ng Bu&ocirc;ng, đổ v&agrave;o thung lũng s&acirc;u v&agrave; chạy ngang qua một lĩnh vực đ&aacute; granit.</p>\r\n\r\n<p><img alt=\"Cuối tuần vui vẻ tại Khu du lịch Thác Giang Điền Đồng Nai\" src=\"http://localhost:8080/WebDuLich/view/resource/image/user/5/32.png\" style=\"height:401px; width:600px\" /></p>\r\n\r\n<p><em>Cuối tuần vui vẻ tại Khu du lịch Th&aacute;c Giang Điền Đồng Nai</em></p>\r\n\r\n<p>Đến Khu du lịch Th&aacute;c Giang Điền du kh&aacute;ch sẽ đi qua cầu treo Mimosa từ th&aacute;c ch&iacute;nh v&agrave; sau đ&oacute; tiến h&agrave;nh dọc theo một con đường chạy qua b&atilde;i cỏ đu&ocirc;i chồn đến những th&aacute;c nước đ&ocirc;i. Con đường m&agrave; tr&ocirc;ng giống như một d&ograve;ng suối tơ hồng v&agrave;o m&ugrave;a xu&acirc;n sẽ dẫn du kh&aacute;ch n&ocirc;ng trại, trong đ&oacute; khu vườn nhỏ được thiết kế với c&acirc;y xanh, hồ nước v&agrave; hoa đẹp m&agrave; tạo ra một cảnh quan l&atilde;ng mạn.</p>\r\n\r\n<p><img alt=\"Cuối tuần vui vẻ tại Khu du lịch Thác Giang Điền Đồng Nai\" src=\"http://localhost:8080/WebDuLich/view/resource/image/user/5/35.png\" style=\"height:400px; width:600px\" /></p>\r\n\r\n<p><em>Cuối tuần vui vẻ tại Khu du lịch Th&aacute;c Giang Điền Đồng Nai</em></p>\r\n\r\n<p>Ở đ&acirc;y c&oacute; vườn phong lan rừng. Chắc chắn bạn sẽ bị thu h&uacute;t bởi một loạt c&aacute;c t&aacute;c phẩm với phong c&aacute;ch kiến tr&uacute;c La M&atilde; cổ đại v&agrave; địa phương, bao gồm cả đường l&aacute;t hoặc phủ bằng đ&aacute;, những ng&ocirc;i nh&agrave; được x&acirc;y dựng với kiến tr&uacute;c kh&aacute;c nhau người d&acirc;n tộc, những vườn hoa, nh&agrave; h&agrave;ng, qu&aacute;n bar c&agrave; ph&ecirc; ở đối diện với những th&aacute;c nước, một s&acirc;n trượt-băng, 12 lều cho kh&aacute;ch du lịch nghỉ ngơi v&agrave; một khu vực vui chơi giải tr&iacute; cho trẻ em. Kh&aacute;ch du lịch c&oacute; thể đi xe điện tham quan c&aacute;c khu vực đ&aacute;nh bắt c&aacute; v&agrave; cắm trại, vườn hoa...</p>\r\n\r\n<p><img alt=\"Cuối tuần vui vẻ tại Khu du lịch Thác Giang Điền Đồng Nai\" src=\"http://localhost:8080/WebDuLich/view/resource/image/user/5/42.png\" style=\"height:450px; width:600px\" /></p>\r\n\r\n<p><em>Cuối tuần vui vẻ tại Khu du lịch Th&aacute;c Giang Điền Đồng Nai</em></p>\r\n\r\n<p>Với vẻ đẹp v&agrave; c&aacute;c dịch vụ thuận tiện, Khu du lịch Th&aacute;c Giang Điền đ&atilde; trở th&agrave;nh một khu du lịch l&yacute; tưởng, thu h&uacute;t một số lượng lớn du kh&aacute;ch v&agrave;o tất cả c&aacute;c ng&agrave;y trong tuần.</p>\r\n','2015-12-30 22:11:25','0',3,0,0,'',0),(8,1,1,5,'Tour Du Lịch Phong Nha Kẻ Bàng','<h1>Tour Phong Nha Kẻ B&agrave;ng &ndash; Đệ Nhất Kỳ Quan (3N2Đ)</h1>\r\n\r\n<p><a href=\"http://phongnhaexplorer.com/\">Du Lịch Phong Nha</a>:&nbsp;Kh&aacute;m ph&aacute; di sản thi&ecirc;n nhi&ecirc;n thế giới Phong Nha &ndash; Kẻ B&agrave;ng , thắng cảnh m&agrave; tạo ho&aacute; đ&atilde; ban tặng cho người d&acirc;n Quảng B&igrave;nh . <strong>Tour du lịch Quảng B&igrave;nh 3 ng&agrave;y 2 đ&ecirc;m</strong> Du kh&aacute;ch sẽ&nbsp; c&oacute; những trải nghiệm tuyệt vời khi được l&ecirc;nh đ&ecirc;nh tr&ecirc;n s&ocirc;ng , len lỏi theo lối m&ograve;n dưới t&aacute;n l&aacute; rừng, lạc v&agrave;o chốn huyền b&iacute; của hang động hay ho&agrave; m&igrave;nh v&agrave;o khung cảnh thi&ecirc;n nhi&ecirc;n thơ mộng tại Suối Moọc. H&atilde;y đặt <em><strong>Tour Quảng B&igrave;nh 3 ng&agrave;y</strong></em> ngay h&ocirc;m nay !</p>\r\n\r\n<p><a href=\"http://phongnhaexplorer.com/wp-content/uploads/nha-tho-tam-toa.jpg\"><img alt=\"Nha Tho Tam Toa\" src=\"http://localhost:8080/WebDuLich/view/resource/image/user/5/31.png\" style=\"height:447px; width:670px\" /></a></p>\r\n\r\n<ul>\r\n	<li><a href=\"http://phongnhaexplorer.com/tour-phong-nha-tron-goi/dong-thien-duong-dong-phong-nha-tien-son-suoi-nuoc-mooc-3n2d.html#tab1\">Chương tr&igrave;nh tour</a></li>\r\n	<li><a href=\"http://phongnhaexplorer.com/tour-phong-nha-tron-goi/dong-thien-duong-dong-phong-nha-tien-son-suoi-nuoc-mooc-3n2d.html#tab3\">Đặt tour</a></li>\r\n	<li><a href=\"http://phongnhaexplorer.com/tour-phong-nha-tron-goi/dong-thien-duong-dong-phong-nha-tien-son-suoi-nuoc-mooc-3n2d.html#tab5\">C&aacute;c tour li&ecirc;n quan</a></li>\r\n	<li><a href=\"http://phongnhaexplorer.com/tour-phong-nha-tron-goi/dong-thien-duong-dong-phong-nha-tien-son-suoi-nuoc-mooc-3n2d.html#tab4\">Tại sao chọn Phong Nha Explorer?</a></li>\r\n</ul>\r\n\r\n<p><strong>Ng&agrave;y 1: Đồng Hới - Động&nbsp;Phong Nha &ndash; Biển Nhật Lệ</strong>&nbsp;(Ăn trưa, ăn tối ):</p>\r\n\r\n<p><strong>Buổi s&aacute;ng:</strong>&nbsp; Đ&oacute;n kh&aacute;ch tại nh&agrave; ga hoặc s&acirc;n bay Đồng Hới &nbsp;. Đến kh&aacute;ch sạn, nhận ph&ograve;ng nghỉ ngơi , ăn trưa tại nh&agrave; h&agrave;ng .</p>\r\n\r\n<p><strong>Buổi chiều</strong>: &nbsp;Tham quan &quot;Đệ Nhất Kỳ Quan&quot;&nbsp;<strong>Động&nbsp;Phong Nha &ndash; Ti&ecirc;n Sơn .</strong></p>\r\n\r\n<p><strong>Du thuyền ngược d&ograve;ng s&ocirc;ng Son</strong>&nbsp;thơ mộng, thưởng ngoạn phong cảnh thi&ecirc;n nhi&ecirc;n hữu t&igrave;nh hai b&ecirc;n bờ s&ocirc;ng Son, du kh&aacute;ch sẽ bắt gặp h&igrave;nh ảnh những thiếu nữ, những đứa trẻ vui đ&ugrave;a b&ecirc;n bờ s&ocirc;ng trải nghiệm cuộc sống sinh hoạt của x&oacute;m l&agrave;ng ven s&ocirc;ng mang đậm hồn qu&ecirc; Việt.</p>\r\n\r\n<p><strong>&bull; Chinh phục Động Phong Nha ( Động nước)&nbsp;</strong>: Hang động nước d&agrave;i nhất Đ&ocirc;ng Nam &Aacute;với hệ thống s&ocirc;ng ngầm v&agrave; thạch nhủ c&oacute; một kh&ocirc;ng hai ở tr&ecirc;n thế giới. Kh&aacute;m ph&aacute; hang Bi K&yacute;, C&ocirc; Ti&ecirc;n &amp; Cung Đ&igrave;nh chi&ecirc;m ngưỡng c&aacute;c khối thạch nhũ tuyệt đẹp được kiến tạo bởi thi&ecirc;n nhi&ecirc;n qua h&agrave;ng ng&agrave;n thi&ecirc;n ni&ecirc;n kỷ.</p>\r\n\r\n<p>Đo&agrave;n về lại Đồng Hới,&nbsp;tham quan, chụp ảnh v&agrave; vui chơi trượt c&aacute;t tại&nbsp;<strong>Đồi C&aacute;t Quảng B&igrave;nh</strong>. Du kh&aacute;ch sẽ c&oacute; những cảm gi&aacute;c như m&igrave;nh đang lạc v&agrave;o sa mạc với những cồn c&aacute;t trắng x&oacute;a, mịn m&agrave;ng trải d&agrave;i mi&ecirc;n man.</p>\r\n\r\n<p>Tắm<strong>&nbsp;biển Nhật Lệ</strong>&nbsp;nằm ngay cạnh cửa s&ocirc;ng Nhật Lệ với b&atilde;i c&aacute;t c&aacute;t trắng v&agrave; nước biển trong xanh c&ograve;n nguy&ecirc;n vẻ hoang sơ. Tại đ&acirc;y, Qu&yacute; kh&aacute;ch tự do tắm biển tham gia c&aacute;c hoạt động vui chơi giải tr&iacute;, v&agrave; thưởng thức đặc sản biển.</p>\r\n\r\n<p><strong>Buổi tối :</strong>&nbsp; Ăn tối ở nh&agrave; h&agrave;ng . Qu&yacute; kh&aacute;ch được tham gia chương tr&igrave;nh&nbsp;<strong>Đốt lửa trại</strong>&nbsp;, khi ngọn lửa được b&ugrave;ng l&ecirc;n, &nbsp;cả đo&agrave;n qu&acirc;y tr&ograve;n quanh ngọn lửa hồng tất cả c&ugrave;ng h&ograve;a ca theo tiếng nhạc h&ograve;a quyện c&ugrave;ng tiếng s&oacute;ng của biển, tổ chức tr&ograve; chơi vui nhộn hấp dẫn, thưởng thức khoai lang, bắp nướng.... Sau đ&oacute; qu&yacute; kh&aacute;ch tự do dạo biển hay nghĩ ngơi trong kh&aacute;ch sạn.</p>\r\n\r\n<p><strong>Ng&agrave;y 2: Động Thi&ecirc;n Đường &ndash; Suối Moọc </strong>&nbsp;( Ăn s&aacute;ng, trưa, tối)</p>\r\n\r\n<p><strong>Buổi s&aacute;ng:</strong>&nbsp;Qu&yacute; kh&aacute;ch d&ugrave;ng bữa s&aacute;ng. Khởi h&agrave;nh tham quan <strong>Động Thi&ecirc;n Đường.</strong></p>\r\n\r\n<p>H&agrave;nh tr&igrave;nh từ km 16 của đường Hồ Ch&iacute; Minh nh&aacute;nh T&acirc;y, băng qua những t&aacute;n rừng gi&agrave; ngợp l&aacute;, du kh&aacute;ch sẽ đến&nbsp;<strong>Động Thi&ecirc;n Đường</strong>, hang động kh&ocirc; d&agrave;i nhất ch&acirc;u &Aacute; đ&atilde; được c&aacute;c nh&agrave; th&aacute;m hiểm Ho&agrave;ng gia Anh ph&aacute;t hiện v&agrave;o năm 2005 l&agrave; một&nbsp; trong những kỳ quan tr&aacute;ng lệ v&agrave; huyền ảo bậc nhất&nbsp; thế giới với vẻ đẹp lộng lẫy của m&igrave;nh n&ecirc;n được mệnh danh &ldquo;Ho&agrave;ng cung trong l&ograve;ng đất&rdquo;</p>\r\n\r\n<p><strong>Buổi chiều:</strong>&nbsp; Đo&agrave;n đi v&agrave;o v&ugrave;ng l&otilde;i vườn quốc gia để đến <strong>khu du lịch sinh th&aacute;i Suối Nước Moọc</strong> nơi khởi nguồn cho d&ograve;ng s&ocirc;ng ngầm vĩ đại trong l&ograve;ng động Phong Nha.</p>\r\n\r\n<p>Qu&yacute; kh&aacute;ch d&ugrave;ng bữa trưa tại nh&agrave; h&agrave;ng &quot;Tổ Chim&quot; với c&aacute;c m&oacute;n đặc sản địa phương do người d&acirc;n nơi đ&acirc;y chế biến.</p>\r\n\r\n<p>Tận hưởng những gi&acirc;y ph&uacute;t thư gi&atilde;n tuyệt vời, ho&agrave; m&igrave;nh v&agrave;o khung cảnh thi&ecirc;n nhi&ecirc;n thơ mộng. Tại đ&acirc;y du kh&aacute;ch sẽ kh&aacute;m ph&aacute; sự đa dạng v&agrave; qu&yacute; hiếm của cảnh quan, mu&ocirc;ng th&uacute; rừng đại ng&agrave;n Phong Nha - Kẻ B&agrave;ng.&nbsp; Du kh&aacute;ch c&oacute; thể mắc v&otilde;ng nằm đu đưa dưới t&aacute;n c&acirc;y rừng, nghe suối nước chảy b&ecirc;n m&igrave;nh v&agrave; c&oacute; thể tắm m&aacute;t dưới d&ograve;ng Suối Nước Moọc trong vắt l&ocirc; nh&ocirc; đầy những tảng đ&aacute; to, nhỏ n&agrave;m xen kẽ nhau. Tham gia v&agrave;o c&aacute;c dịch vụ như ch&egrave;o thuyền Kayak, đua bơi, c&acirc;u c&aacute; v&agrave; thưởng thức c&aacute;c loại đặc sản của rừng v&agrave; của khe suối.</p>\r\n\r\n<p><strong>Buổi tối:</strong>&nbsp;Qu&yacute; kh&aacute;ch ăn tối tại Nh&agrave; h&agrave;ng. Sau đ&oacute; nghỉ ngơi trong kh&aacute;ch sạn hay tự do kh&aacute;m ph&aacute; th&agrave;nh phố về đ&ecirc;m.</p>\r\n\r\n<p><strong>Ng&agrave;y 3: Đồng Hới &ndash; Tiễn Kh&aacute;ch ( Ăn s&aacute;ng )</strong></p>\r\n\r\n<p>&nbsp;<strong>Buổi s&aacute;ng :</strong>Du kh&aacute;ch c&oacute; thể thức dậy sớm để tắm biển đ&oacute;n b&igrave;nh m&igrave;nh tr&ecirc;n biển, ngắm cảnh những đo&agrave;n thuyền đ&aacute;nh c&aacute; tấp nập v&agrave;o bờ.</p>\r\n\r\n<p>Qu&yacute; kh&aacute;ch d&ugrave;ng bữa s&aacute;ng tại kh&aacute;ch sạn , sau đ&oacute; tham quan th&agrave;nh phố Đồng Hới với c&aacute;c di t&iacute;ch lịch sử :&nbsp;<strong>Nh&agrave; Thờ Tam T&ograve;a , Quảng B&igrave;nh Quan, Di t&iacute;ch bến đ&ograve; Nhật Lệ v&agrave; tượng đ&agrave;i Mẹ Suốt, </strong>&nbsp;tự do mua sắm<strong> tại chợ Đồng Hới </strong>trung t&acirc;m thương mại lớn nhất th&agrave;nh phố.</p>\r\n\r\n<p>Đến giờ tiễn kh&aacute;ch ra nh&agrave; ga, s&acirc;n bay Đồng Hới . Thay mặt Phong Nha Explorer ch&agrave;o tạm biệt qu&yacute; kh&aacute;ch v&agrave; hẹn gặp lại !</p>\r\n\r\n<hr />\r\n<p><strong>Lưu &yacute;:</strong></p>\r\n\r\n<p>Thứ tự h&agrave;nh tr&igrave;nh tour c&oacute; thể thay đổi đề ph&ugrave; hợp với t&igrave;nh h&igrave;nh thực tế nhưng vẵn đảm bảo đầy đủ c&aacute;c tuyến điểm tham quan theo chương tr&igrave;nh.</p>\r\n\r\n<p>&nbsp;</p>\r\n\r\n<table>\r\n	<thead>\r\n		<tr>\r\n			<th scope=\"col\"><strong>Ti&ecirc;u chuẩn</strong></th>\r\n			<th scope=\"col\"><strong>4-5 Kh&aacute;ch</strong></th>\r\n			<th><strong>6-7 Kh&aacute;ch</strong></th>\r\n			<th><strong>8-9 Kh&aacute;ch</strong></th>\r\n			<th><strong>10-11 Kh&aacute;ch</strong></th>\r\n			<th><strong>12-14 Kh&aacute;ch</strong></th>\r\n			<th><strong>15-19 Kh&aacute;ch</strong></th>\r\n			<th><strong>+20 Kh&aacute;ch</strong></th>\r\n		</tr>\r\n	</thead>\r\n	<tbody>\r\n		<tr>\r\n			<td>Kh&aacute;ch sạn 2 sao<strong>&nbsp;</strong></td>\r\n			<td>3,317,000</td>\r\n			<td>2,947,000</td>\r\n			<td>2,777,000</td>\r\n			<td>2,627,000</td>\r\n			<td>2,517,000</td>\r\n			<td>2,407,000</td>\r\n			<td>2,297,000</td>\r\n		</tr>\r\n		<tr>\r\n			<td>Kh&aacute;ch sạn 3 sao</td>\r\n			<td>3,717,000</td>\r\n			<td>3,347,000</td>\r\n			<td>3,177,000</td>\r\n			<td>3,027,000</td>\r\n			<td>2,917,000</td>\r\n			<td>2,807,000</td>\r\n			<td>2,697,000</td>\r\n		</tr>\r\n		<tr>\r\n			<td>Kh&aacute;ch sạn 4 sao</td>\r\n			<td>4,067,000</td>\r\n			<td>3,697,000</td>\r\n			<td>3,527,000</td>\r\n			<td>3,377,000</td>\r\n			<td>3,267,000</td>\r\n			<td>3,157,000</td>\r\n			<td>3,047,000</td>\r\n		</tr>\r\n	</tbody>\r\n</table>\r\n\r\n<p><strong>GI&Aacute; TOUR TR</strong><strong>Ẻ</strong><strong>&nbsp;EM:</strong></p>\r\n\r\n<ul>\r\n	<li>Trẻ em dưới 05 tuổi: miễn gi&aacute; tour (Ngủ chung với người lớn).</li>\r\n	<li>Trẻ em từ tr&ecirc;n 5 tuổi đến 10 tuổi:<br />\r\n	+ 75% gi&aacute; tour (Ngủ chung với người lớn)<br />\r\n	+ 85% gi&aacute; tour (b&eacute; ngủ giường ri&ecirc;ng).</li>\r\n	<li>Trẻ em từ 10 tuổi trở l&ecirc;n: 100% gi&aacute; tour như người lớn.</li>\r\n</ul>\r\n\r\n<p><strong>D</strong><strong>Ị</strong><strong>CH V</strong><strong>Ụ</strong><strong>&nbsp;BAO G</strong><strong>Ồ</strong><strong>M</strong></p>\r\n\r\n<ul>\r\n	<li>Xe &ocirc; t&ocirc;&nbsp;du lịch&nbsp;đưa đ&oacute;n v&agrave; thăm quan theo chương tr&igrave;nh.</li>\r\n	<li>Kh&aacute;ch sạn ti&ecirc;u chuẩn 3 sao hoặc tương đương: ti&ecirc;u chuẩn 02 kh&aacute;ch/ph&ograve;ng</li>\r\n	<li>V&eacute; thăm quan theo chương tr&igrave;nh.</li>\r\n	<li>C&aacute;c bữa ăn theo chương tr&igrave;nh</li>\r\n	<li>Hướng dẫn vi&ecirc;n đi theo đo&agrave;n phục vụ chu đ&aacute;o, nhiệt t&igrave;nh.</li>\r\n	<li>Nước tinh khiết&nbsp; 01 chai 0.5 l&iacute;t/ kh&aacute;ch/ ng&agrave;y</li>\r\n	<li>Bảo hiểm du lịch: mức tối đa 10.000.000 đồng / trường hợp</li>\r\n</ul>\r\n\r\n<p><strong>D</strong><strong>Ị</strong><strong>CH V</strong><strong>Ụ</strong><strong>&nbsp;KH&Ocirc;NG BAO G</strong><strong>Ồ</strong><strong>M:</strong></p>\r\n\r\n<ul>\r\n	<li>Chi ph&iacute; ph&ograve;ng đơn</li>\r\n	<li>Đồ uống, điện thoại, giặt ủi v&agrave; c&aacute;c chi ph&iacute; c&aacute; nh&acirc;n kh&aacute;c.</li>\r\n	<li>Tiền tip trong chuyến đi cho &nbsp;nh&acirc;n vi&ecirc;n phục vụ, hướng dẫn vi&ecirc;n, t&agrave;i xế.\r\n	<p>&nbsp;</p>\r\n\r\n	<p><strong>PHONG NHA EXPLORER - DU LỊCH C&Ugrave;NG THỔ ĐỊA</strong></p>\r\n\r\n	<p>&nbsp;</p>\r\n\r\n	<p><strong>MỖI H&Agrave;NH TR&Igrave;NH L&Agrave; MỘT TRẢI NGHIỆM !!!</strong></p>\r\n	</li>\r\n</ul>\r\n\r\n<p><a id=\"_1\" name=\"354\">Rất tệ</a><a id=\"_2\" name=\"354\">Kh&ocirc;ng tốt</a><a id=\"_3\" name=\"354\">Tốt</a><a id=\"_4\" name=\"354\">Rất tốt</a><a id=\"_5\" name=\"354\">Xuất sắc</a></p>\r\n\r\n<p>Đ&aacute;nh gi&aacute; dịch vụ Đạt 5/5 điểm tr&ecirc;n 2 đ&aacute;nh gi&aacute;</p>\r\n\r\n<p><a href=\"http://phongnhaexplorer.com/\"><strong>Du Lịch Phong Nha</strong></a> <a href=\"http://phongnhaexplorer.com/tour-phong-nha-tron-goi/dong-thien-duong-dong-phong-nha-tien-son-suoi-nuoc-mooc-3n2d.html\">Tour Phong Nha Kẻ B&agrave;ng &ndash; Đệ Nhất Kỳ Quan (3N2Đ)</a> VND 2.297.000</p>\r\n\r\n<hr />\r\n<p><strong>C&Ocirc;NG TY TNHH DU LỊCH TH&Aacute;M HIỂM PHONG NHA</strong><br />\r\nTrụ sở: 281/3 Phan Đ&igrave;nh Ph&ugrave;ng, Bắc L&yacute;, Đồng Hới, Quảng B&igrave;nh.<br />\r\nVăn ph&ograve;ng: B&atilde;i biển Nhật Lệ 2, Đường Trương Ph&aacute;p, Đồng Hới, Quảng B&igrave;nh.<br />\r\nĐiện thoại: 052.652.8868 / 8869 &ndash; Fax:052.3836.070 &ndash; Hotline: 0935.758.884 Mr Hải<br />\r\nEmail: contact@phongnhaexplorer.com, phongnhaexplorer@gmail.com<br />\r\nWebsite: www.phongnhaexplorer.com</p>\r\n\r\n<hr />\r\n<p>Biển Nhật Lệdu lịch Phong Nhadu lich phong nha kẻ b&agrave;ngdu lịch Quảng B&igrave;nhPhong NhaPhong Nha Ke B&agrave;ngQuảng B&igrave;nhSuối Nước Moọctour du lịch Quảng B&igrave;nh 3 ng&agrave;y 2 đ&ecirc;mtour Phong Nhatour Quảng B&igrave;nhtour Quảng B&igrave;nh 3 ng&agrave;yĐộng Thi&ecirc;n Đường</p>\r\n','2015-12-30 22:13:36','10 000 000',5,0,10,'3 Ngày',0),(9,1,1,5,'Tour suối nước nóng bình châu','<h3>Điểm nổi bật</h3>\r\n\r\n<p>- Tour Suối nước n&oacute;ng B&igrave;nh Ch&acirc;u &ndash; Vũng T&agrave;u biển xanh 2 ng&agrave;y 1 đ&ecirc;m tổ chức bởi Hoa Việt Tour sẽ mang đến cho du kh&aacute;ch những giờ ph&uacute;t thư gi&atilde;n, nghỉ ngơi, giải tỏa căng thẳng c&ugrave;ng biển cả bao la.</p>\r\n\r\n<p>- Suối kho&aacute;ng n&oacute;ng (SKN) B&igrave;nh Ch&acirc;u đ&atilde; được xếp hạng 4 sao v&agrave; được Tổ chức Du lịch thế giới (WTO) đưa v&agrave;o danh mục 65 điểm của 47 quốc gia ph&aacute;t triển du lịch sinh th&aacute;i bền vững tr&ecirc;n to&agrave;n cầu.</p>\r\n\r\n<p>- Th&agrave;nh phố Vũng T&agrave;u y&ecirc;n b&igrave;nh, dưới l&agrave; biển xanh, c&aacute;t trắng trong l&agrave;nh, m&aacute;t mẻ, tr&ecirc;n l&agrave; những ngọn n&uacute;i to, n&uacute;i nhỏ, c&ugrave;ng những ng&ocirc;i ch&ugrave;a thanh tịnh&hellip;.</p>\r\n\r\n<p>- Hai điểm đến l&yacute; tưởng với nhiều dịch vụ giải tr&iacute;, thư gi&atilde;n như: tắm nước kho&aacute;ng n&oacute;ng, suối ng&acirc;m ch&acirc;n, luộc trứng g&agrave;, tắm biển&hellip;</p>\r\n\r\n<p>- Phương tiện vận chuyển: Xe du lịch đời mới m&aacute;y lạnh, ghế bật, tivi tham quan theo chương tr&igrave;nh</p>\r\n\r\n<p>- Kh&aacute;ch sạn ti&ecirc;u chuẩn 2 sao: Trung t&acirc;m th&agrave;nh phố, tiện nghi đầy đủ (02/ 04 kh&aacute;ch/ ph&ograve;ng).</p>\r\n\r\n<p>- Ăn uống theo chương tr&igrave;nh (từ ng&agrave;y đi đến trưa ng&agrave;y về).</p>\r\n\r\n<p>- Bảo hiểm du lịch: 10.000.000 VNĐ/ trường hợp.</p>\r\n\r\n<p><img alt=\"\" src=\"http://localhost:8080/WebDuLich/view/resource/image/user/5/38.png\" style=\"height:433px; width:650px\" /></p>\r\n\r\n<h3>Điều kiện sử dụng</h3>\r\n\r\n<p><strong>- Hotdeal giao voucher đến tận tay kh&aacute;ch h&agrave;ng: miễn ph&iacute;.</strong></p>\r\n\r\n<p>- Thời hạn sử dụng voucher: Từ 22/12/2015 đến 31/05/2016.</p>\r\n\r\n<p>- Voucher &aacute;p dụng cho Tour Suối nước n&oacute;ng B&igrave;nh Ch&acirc;u &ndash; Vũng T&agrave;u biển xanh 2 ng&agrave;y 1 đ&ecirc;m &ndash; D&agrave;nh cho 1 kh&aacute;ch.</p>\r\n\r\n<p>* <strong>Voucher bao gồm:</strong></p>\r\n\r\n<p><strong>-</strong>Vận chuyển: Xe Space + Hiclass 45 chổ đời mới, c&oacute; m&aacute;y lạnh, ti vi, ghế bật, mic&hellip;<strong>.</strong></p>\r\n\r\n<p><strong>-</strong>Ăn uống: Như chương tr&igrave;nh</p>\r\n\r\n<p><strong>+</strong>Ăn s&aacute;ng: 2 bữa 40.000 VNĐ/ bữa/ kh&aacute;ch</p>\r\n\r\n<p><strong>+</strong>Ăn ch&iacute;nh: 2 bữa 90.000 VNĐ/ bữa/ kh&aacute;ch</p>\r\n\r\n<p><strong>-</strong> Kh&aacute;ch sạn ti&ecirc;u chuẩn 2-4 kh&aacute;ch/ ph&ograve;ng sạch đẹp: Number One, Ph&uacute;c Thịnh, T&acirc;n Ho&agrave;ng Th&acirc;n hoặc tương đương.</p>\r\n\r\n<p><strong>-</strong>HDV phục vụ đo&agrave;n suốt tuyến<strong>.</strong></p>\r\n\r\n<p><strong>-</strong>V&eacute; tham quan : V&eacute; Cổng B&igrave;nh Ch&acirc;u, v&eacute; tham quan tượng ch&uacute;a Kito</p>\r\n\r\n<p><strong>-</strong>Bảo hiểm trọn tour, mức bảo hiểm 10.000.000 VNĐ/ 1người/ vụ.</p>\r\n\r\n<p><strong>-</strong>Qu&agrave; tặng: Khăn ướt 1 ng&agrave;y 1 c&aacute;i cho 1 kh&aacute;ch, nước suối 1 ng&agrave;y 1 chai cho 1 kh&aacute;ch<strong>.</strong></p>\r\n\r\n<p><strong>-</strong>Địa điểm sử dụng voucher: Hoa Việt Tour<strong>.</strong>Địa chỉ: 697 Hưng Ph&uacute;, Phường 09, Quận 8, TPHCM<strong>.</strong></p>\r\n\r\n<p><strong>-</strong>Li&ecirc;n hệ tư vấn v&agrave; hỗ trợ đặt dịch vụ:&nbsp; Hotline: (08) 73003799 - Email: <a href=\"mailto:booking@hotdeal.vn\">booking@hotdeal.vn</a></p>\r\n\r\n<p><strong>* Điều kiện giới hạn của Voucher</strong></p>\r\n\r\n<p><strong>- Voucher kh&ocirc;ng bao gồm:</strong></p>\r\n\r\n<p>+ C&aacute;c chi ph&iacute; ngo&agrave;i chương tr&igrave;nh (điện thoại, giặt ủi tại kh&aacute;ch sạn v&agrave; c&aacute;c chi ph&iacute; c&aacute; nh&acirc;n kh&aacute;c).</p>\r\n\r\n<p>+ Ăn uống ngo&agrave;i chương tr&igrave;nh.</p>\r\n\r\n<p>+ Tiền tips cho HDV v&agrave; t&agrave;i xế.</p>\r\n\r\n<p>+ V&eacute; KDL Hồ M&acirc;y, c&aacute;c dịch vụ tại B&igrave;nh Ch&acirc;u</p>\r\n\r\n<p>+ Vui chơi giải tr&iacute;&nbsp; c&aacute; nh&acirc;n</p>\r\n\r\n<p>+ Phụ thu ph&ograve;ng đơn 200.000 VNĐ/ ph&ograve;ng</p>\r\n\r\n<p>+ Thuế VAT 10%.</p>\r\n\r\n<p>- <strong>Gi&aacute; v&eacute; trẻ em:</strong></p>\r\n\r\n<p>+ Trẻ em từ 06 &ndash; 11 tuổi: Mua 50% v&eacute; người lớn</p>\r\n\r\n<p>+ Trẻ em từ dưới 06 tuổi : Kh&ocirc;ng t&iacute;nh v&eacute;, gia đ&igrave;nh tự lo cho b&eacute; (trẻ em thứ 02 phải mua 50% v&eacute; tour trẻ em)</p>\r\n\r\n<p>+ Trẻ em từ tr&ecirc;n 11 tuổi: T&iacute;nh 1 v&eacute; tour người lớn</p>\r\n\r\n<p><strong>- Điều kiện hủy Tour:</strong></p>\r\n\r\n<p>+ Qu&yacute; kh&aacute;ch đặt tour trước 10 ng&agrave;y.</p>\r\n\r\n<p>+ Trường hợp thay đổi lịch nghỉ dưỡng đ&atilde; đặt, kh&aacute;ch h&agrave;ng phải th&ocirc;ng b&aacute;o trước 07 ng&agrave;y (kh&ocirc;ng giải quyết qu&aacute; 01 lần thay đổi).</p>\r\n\r\n<p>+ Đổi lịch trước 07 ng&agrave;y khởi h&agrave;nh: kh&ocirc;ng mất ph&iacute;</p>\r\n\r\n<p>+ Đổi lịch trước 05 ng&agrave;y khởi h&agrave;nh: mất ph&iacute; 50%</p>\r\n\r\n<p>+ Đổi lịch trước 03 ng&agrave;y khởi h&agrave;nh: mất ph&iacute; 75%</p>\r\n\r\n<p>+ Đổi lịch trước 01 ng&agrave;y khởi h&agrave;nh: mất ph&iacute; 100%</p>\r\n\r\n<p>+ Nếu kh&aacute;ch đặt tour nhưng kh&ocirc;ng đến voucher sẽ bị hủy v&agrave; kh&ocirc;ng c&ograve;n gi&aacute; trị.</p>\r\n\r\n<p>+ Voucher kh&ocirc;ng c&oacute; gi&aacute; trị quy đổi th&agrave;nh tiền, kh&ocirc;ng ho&agrave;n trả tiền khi kh&aacute;ch h&agrave;ng kh&ocirc;ng sử dụng voucher trong thời gian voucher c&ograve;n hiệu lực.</p>\r\n\r\n<p>- C&aacute;c đợt khởi h&agrave;nh:</p>\r\n\r\n<p>+ Khởi h&agrave;nh thứ 7 h&agrave;ng tuần</p>\r\n\r\n<p>+ Tết Dương Lịch: Ng&agrave;y 01, 02/01/2015 phụ thu: 350.000 VNĐ/ kh&aacute;ch</p>\r\n\r\n<p>+ Tết Nguy&ecirc;n Đ&aacute;n: Ng&agrave;y 09, 10, 11, 12, 13/02 &ndash; tức l&agrave; M&ugrave;ng 02, 03, 04, 05, 06 th&aacute;ng gi&ecirc;ng &acirc;m lịch phụ thu: 350.000 VNĐ / kh&aacute;ch</p>\r\n\r\n<p>+ Ng&agrave;y giỗ tổ H&ugrave;ng Vương, 30/04/2016 v&agrave; 01/05/2016 phụ thụ 350.000 VNĐ/ kh&aacute;ch</p>\r\n\r\n<p>- Điểm đ&oacute;n kh&aacute;ch</p>\r\n\r\n<p>+ 05h00 c&oacute; mặt tại 225 Nguyễn Tri Phương, Phường 9, Quận 5.</p>\r\n\r\n<p>+ 05h30 c&oacute; mặt tại 06 Phạm Ngọc Thạch, Quận 3 (Nh&agrave; Văn H&oacute;a Thanh Ni&ecirc;n).</p>\r\n\r\n<p><strong>Lịch tr&igrave;nh tour:</strong></p>\r\n\r\n<p><strong>NG&Agrave;Y 1: S&Agrave;I G&Ograve;N - B&Igrave;NH CH&Acirc;U &ndash;&nbsp; VŨNG T&Agrave;U (Ăn s&aacute;ng, trưa)</strong></p>\r\n\r\n<p><strong>Buổi s&aacute;ng:</strong></p>\r\n\r\n<p><strong>-</strong>05h00: Xe v&agrave; HDV đ&oacute;n kh&aacute;ch tại điểm hẹn. Khởi h&agrave;nh đưa đo&agrave;n đi B&igrave;nh Ch&acirc;u, Qu&yacute; kh&aacute;ch d&ugrave;ng điểm t&acirc;m tại KDL Ph&uacute; Mỹ Phương.<strong>&nbsp;</strong></p>\r\n\r\n<p><strong>-</strong>09h00: Đến B&igrave;nh Ch&acirc;u, Qu&yacute; kh&aacute;ch đi tham quan một v&ograve;ng Khu du lịch sinh th&aacute;i B&igrave;nh Ch&acirc;u.<strong>&nbsp;</strong></p>\r\n\r\n<p><strong>-</strong>Đến hồ suối Mơ, hồ Qu&ecirc; Hương, qu&yacute; kh&aacute;ch tắm nước kho&aacute;ng n&oacute;ng (15 ph&uacute;t) v&agrave; tắm tinh b&ugrave;n kho&aacute;ng (45ph&uacute;t) (chi ph&iacute; tự t&uacute;c &ndash; gi&aacute; tắm trọn g&oacute;i 400.000 VNĐ/kh&aacute;ch)<strong>&nbsp;</strong></p>\r\n\r\n<p><strong>-</strong>Đến Suối H&agrave; Nội &ndash; Huế &ndash; S&agrave;i G&ograve;n, qu&yacute; kh&aacute;ch ng&acirc;m ch&acirc;n dưới d&ograve;ng nước kho&aacute;ng n&oacute;ng 37 độ C, c&oacute; t&aacute;c dụng l&agrave;m mịn da, giảm c&aacute;c bệnh về hệ thần kinh, ngo&agrave;i da, phong thấp, đổ mồ h&ocirc;i tay ch&acirc;n (chi ph&iacute; tự t&uacute;c &ndash; gi&aacute; ng&acirc;m ch&acirc;n 40.000 VNĐ/kh&aacute;ch)<strong>.</strong></p>\r\n\r\n<p><strong>-</strong>Đo&agrave;n tham quan khu Giếng Trời, Qu&yacute; kh&aacute;ch tự luộc trứng g&agrave; bằng nước kho&aacute;ng 82 độ C, d&ugrave;ng trứng ch&iacute;n l&ograve;ng đ&agrave;o, thơm ngon, bổ dưỡng. <strong>&nbsp;</strong></p>\r\n\r\n<p><strong>&nbsp;</strong></p>\r\n\r\n<p><strong>Buổi trưa</strong>:&nbsp; &nbsp;&nbsp; <strong>&nbsp;</strong></p>\r\n\r\n<p><strong>-</strong>10h00: Đo&agrave;n khởi h&agrave;nh đến với Vũng T&agrave;u biển xanh. Đo&agrave;n d&ugrave;ng trưa tại Nh&agrave; H&agrave;ng. Sau đ&oacute; Qu&yacute; kh&aacute;ch nhận ph&ograve;ng, nghỉ ngơi<strong>.</strong></p>\r\n\r\n<p><strong>-</strong>14h30: Qu&yacute; kh&aacute;ch c&ugrave;ng HDV tập trung tại B&atilde;i Biển tham gia chương tr&igrave;nh vận động biển, mang t&iacute;nh chất tập thể cao vui nhộn, hấp dẫn ngay tại b&atilde;i biển như:</p>\r\n\r\n<p>+ Hugo vượt đại dương<strong>&nbsp;</strong></p>\r\n\r\n<p><strong>+</strong>N&agrave;ng ti&ecirc;n c&aacute;<strong>&nbsp;</strong></p>\r\n\r\n<p>+ M&ograve; cua bắt ốc</p>\r\n\r\n<p>+ Long phụng tranh ch&acirc;u hoặc nhưng tr&ograve; chơi kh&aacute;c do HDV đề ra</p>\r\n\r\n<p>&nbsp;</p>\r\n\r\n<p><img alt=\"\" src=\"http://localhost:8080/WebDuLich/view/resource/image/user/5/32.png\" style=\"height:428px; margin-left:auto; margin-right:auto; width:640px\" /></p>\r\n\r\n<p>&nbsp;</p>\r\n\r\n<p>- 18h00: Đo&agrave;n d&ugrave;ng cơm tối tự t&uacute;c. Qu&yacute; kh&aacute;ch tự do dạo biển về đ&ecirc;m, tham quan chợ đ&ecirc;m Vũng T&agrave;u. Hoặc xe sẽ chở đo&agrave;n đi xem đua ch&oacute; nếu v&agrave;o ng&agrave;y thứ 7 v&agrave; CN hằng tuần (chi ph&iacute; tự t&uacute;c).</p>\r\n\r\n<p>- Qu&yacute; kh&aacute;ch c&oacute; khoảng thời gian tự do cho ri&ecirc;ng m&igrave;nh để kh&aacute;m ph&aacute; TP. Vũng T&agrave;u về đ&ecirc;m hoặc ngồi lại b&ecirc;n nhau thưởng thức c&agrave; ph&ecirc;. Hoặc đo&agrave;n c&oacute; thể qu&acirc;y quần b&ecirc;n nhau lai rai v&agrave;i m&oacute;n đặc sản của Vũng T&agrave;u b&ecirc;n tiếng cười giọng h&aacute;t, b&ecirc;n c&acirc;y đ&agrave;n ghi ta, v&agrave; b&ecirc;n tiếng s&oacute;ng biển r&igrave; r&agrave;o&hellip; xua tan những mệt nhọc x&ocirc; bồ trong những ng&agrave;y l&agrave;m việc vất vả.</p>\r\n\r\n<p>- Nghỉ đ&ecirc;m tại Vũng T&agrave;u.</p>\r\n\r\n<p>&nbsp;</p>\r\n\r\n<p><img alt=\"\" src=\"http://localhost:8080/WebDuLich/view/resource/image/user/5/37.png\" style=\"height:433px; margin-left:auto; margin-right:auto; width:650px\" /></p>\r\n\r\n<p>&nbsp;</p>\r\n\r\n<p><img alt=\"\" src=\"http://localhost:8080/WebDuLich/view/resource/image/user/5/35.png\" style=\"height:400px; margin-left:auto; margin-right:auto; width:600px\" /></p>\r\n\r\n<p>&nbsp;</p>\r\n\r\n<p><strong>NG&Agrave;Y 2:&nbsp; VŨNG T&Agrave;U &ndash; S&Agrave;I G&Ograve;N</strong>(Ăn s&aacute;ng, trưa ) <strong>&nbsp;</strong></p>\r\n\r\n<p>Buổi s&aacute;ng:</p>\r\n\r\n<p>- 7h00: D&ugrave;ng điểm t&acirc;m, tự do tham quan Chinh phục n&uacute;i Nhỏ một c&ocirc;ng tr&igrave;nh kiến tr&uacute;c độc đ&aacute;o, kh&aacute;m ph&aacute; vẻ đẹp của ch&uacute;a Kit&ocirc;&hellip; hoặc qu&yacute; kh&aacute;ch gh&eacute; tham quan&nbsp; Khu du lịch Hồ M&acirc;y (chi ph&iacute; tự t&uacute;c ) nằm tr&ecirc;n đỉnh N&uacute;i Lớn l&agrave; một trong những Khu du lịch sinh th&aacute;i - văn h&oacute;a đẹp vừa được x&acirc;ydựng ở Vũng T&agrave;u. Trước đ&acirc;y, để tham quan n&uacute;i Lớn, du kh&aacute;ch chỉ c&oacute; 1 c&aacute;ch l&agrave; chinh phục bằng đường bộ. Từ năm 2010, với việc đưa giai đoạn 1 dự &aacute;n c&aacute;p treo N&uacute;i Lớn &ndash; N&uacute;i Nhỏ v&agrave;o họat động, du kh&aacute;ch đ&atilde; c&oacute; thể dễ d&agrave;ng l&ecirc;n đến đỉnh n&uacute;i Lớn chỉ sau chưa đầy 10 ph&uacute;t ngồi trong cabin c&aacute;p treo để h&ograve;a m&igrave;nh v&agrave;o thi&ecirc;n nhi&ecirc;n của khu du lịch sinh th&aacute;i Hồ M&acirc;y - N&uacute;i Lớn.</p>\r\n\r\n<p>&nbsp;</p>\r\n\r\n<p><img alt=\"\" src=\"http://localhost:8080/WebDuLich/view/resource/image/user/5/15.png\" style=\"height:375px; margin-left:auto; margin-right:auto; width:500px\" /></p>\r\n\r\n<p>&nbsp;</p>\r\n\r\n<p>- 11h00: Đo&agrave;n d&ugrave;ng trưa, l&agrave;m thủ tục trả ph&ograve;ng, khởi h&agrave;nh về TP.HCM. Tr&ecirc;n đường về gh&eacute; chợ B&agrave; Rịa Vũng T&agrave;u, Qu&yacute; kh&aacute;ch mua sắm qu&agrave; cho người th&acirc;n.</p>\r\n\r\n<p>- 17h30: Về đến TP.HCM. Chia tay đo&agrave;n v&agrave; hẹn gặp lại Qu&yacute; kh&aacute;ch trong dịp gần nhất.</p>\r\n','2015-12-31 08:39:40','1000 000',4,0,1,'2 ngày',0),(10,1,1,5,'Tour Bình Ba - Phan Thiết Nghỉ Resort 4* 3N3Đ Đón Lễ Tết Dành Cho 1 Khách','<h3>Điểm nổi bật</h3>\r\n\r\n<p>- Tour du lịch B&igrave;nh Ba - Phan Thiết nghỉ resort 4* 3 ng&agrave;y 3 đ&ecirc;m đ&oacute;n Lễ Tết d&agrave;nh cho 1 kh&aacute;ch do c&ocirc;ng ty du lịch Ch&acirc;n Trời Mới tổ chức.</p>\r\n\r\n<p>- Tham gia tour du lịch n&agrave;y, bạn sẽ c&oacute; cơ hội kh&aacute;m ph&aacute; những cảnh đẹp bậc nhất của dải đất Nam Trung Bộ như đảo B&igrave;nh Ba, phố biển Phan Thiết v&agrave; Mũi K&ecirc; G&agrave; nổi tiếng.</p>\r\n\r\n<p>- Tắm biển, lặn ngắm san h&ocirc; tại những b&atilde;i biển hoang sơ, đầy m&ecirc; hoặc.</p>\r\n\r\n<p>- Đ&acirc;y c&ograve;n l&agrave; cơ hội để qu&yacute; kh&aacute;ch thưởng thức c&aacute;c m&oacute;n hải sản tươi ngon như: t&ocirc;m h&ugrave;m, ốc, mực, c&aacute;&hellip;</p>\r\n\r\n<p>- Nghỉ dưỡng tại resort S&agrave;i G&ograve;n Suối Nhum ti&ecirc;u chuẩn 4 sao đầy đủ tiện nghi.</p>\r\n\r\n<p>- Nhiều ưu đ&atilde;i hấp dẫn kh&aacute;c như: miễn ph&iacute; v&eacute; tham quan, ăn uống theo chương tr&igrave;nh, bảo hiểm du lịch, qu&agrave; tặng.</p>\r\n\r\n<p>- Hướng dẫn vi&ecirc;n nhiệt t&igrave;nh, vui vẻ phục vụ đo&agrave;n suốt tuyến.</p>\r\n\r\n<p><img alt=\"\" src=\"http://localhost:8080/WebDuLich/view/resource/image/user/5/42.png\" style=\"height:450px; width:600px\" /></p>\r\n\r\n<h3>Điều kiện sử dụng</h3>\r\n\r\n<p><strong>- Hotdeal giao voucher đến tận tay kh&aacute;ch h&agrave;ng: miễn ph&iacute;.&nbsp;&nbsp;&nbsp;&nbsp;&nbsp;&nbsp;&nbsp;&nbsp;&nbsp;&nbsp; </strong></p>\r\n\r\n<p>- Thời hạn sử dụng voucher: t&iacute;nh từ ng&agrave;y l&ecirc;n deal đến 01/04/2016.</p>\r\n\r\n<p><strong>- Voucher &aacute;p dụng cho Tour du lịch B&igrave;nh Ba - Phan Thiết nghỉ resort 4* 3 ng&agrave;y 3 đ&ecirc;m đ&oacute;n Lễ Tết d&agrave;nh cho 1 kh&aacute;ch.</strong></p>\r\n\r\n<p><strong>* Voucher bao gồm:</strong></p>\r\n\r\n<p>- Vận chuyển: Xe đời mới m&aacute;y lạnh đưa đ&oacute;n theo chương tr&igrave;nh tour.</p>\r\n\r\n<p>+ Tàu đi đảo Bình Ba.</p>\r\n\r\n<p>+ Tàu tham quan đảo Bình Ba.</p>\r\n\r\n<p>- Lưu trú:</p>\r\n\r\n<p>+ Đảo Bình Ba: Nhà nghỉ, nhà trọ đầy đủ tiện nghi.</p>\r\n\r\n<p>+ K&ecirc; G&agrave; &ndash; Phan Thiết: S&agrave;i G&ograve;n Suối Nhum: Ti&ecirc;u chu&acirc;̉n 4 sao qu&ocirc;́c t&ecirc;́: 02 khách/ phòng.</p>\r\n\r\n<p>- Ăn uống:</p>\r\n\r\n<p>+ Ăn ch&iacute;nh:</p>\r\n\r\n<p>01 bu&ocirc;̉i trưa nhà hàng địa phương tr&ecirc;n đảo: thực đơn: 110.000 vnđ/ ph&acirc;̀n</p>\r\n\r\n<p>01 buổi ti&ecirc;̣c tối hải sản: thực đơn: 240.000 vnđ/ ph&acirc;̀n</p>\r\n\r\n<p>01 buổi ăn trưa tại nhà hàng hải sản H&ocirc;̀ng Vinh: 110.000 vnđ/ ph&acirc;̀n</p>\r\n\r\n<p>01 bu&ocirc;̉i trưa tại nhà hàng resort: 150.000 vnđ/ ph&acirc;̀n</p>\r\n\r\n<p>+ Ăn s&aacute;ng:</p>\r\n\r\n<p>02 buổi&nbsp; đi&ecirc;̉m t&acirc;m sáng (1 t&ocirc; + 1 ly) : 45.000 vnđ/ ph&acirc;̀n.</p>\r\n\r\n<p>01 bu&ocirc;̉i buffet sáng tại resort.</p>\r\n\r\n<p>- V&eacute; v&agrave;o cổng c&aacute;c điểm tham quan c&oacute; trong chương tr&igrave;nh.</p>\r\n\r\n<p>- HDV chuy&ecirc;n nghiệp, tận t&igrave;nh phục vụ đo&agrave;n suốt tuyến.</p>\r\n\r\n<p>- Bảo hiểm du lịch trọn g&oacute;i, tối đa 20.000.000đ/ trường hợp.</p>\r\n\r\n<p>- Qu&agrave; tặng: Gối hơi du lịch New Horizon Travel, nước suối (01 chai/người/ ng&agrave;y), khăn lạnh.</p>\r\n\r\n<p>- Địa điểm sử dụng voucher: C&ocirc;ng Ty Du Lịch &ndash; Đại L&yacute; VMB Ch&acirc;n Trời Mới</p>\r\n\r\n<p>- Web: www.nhtravel.vn, http://123bay.com.vn</p>\r\n\r\n<p>- Li&ecirc;n hệ tư vấn v&agrave; hỗ trợ đặt dịch vụ:&nbsp; Hotline: (08) 73003799 -&nbsp;&nbsp; Email: booking@hotdeal.vn</p>\r\n\r\n<p>&nbsp;</p>\r\n\r\n<p><img alt=\"\" src=\"http://localhost:8080/WebDuLich/view/resource/image/user/5/39.png\" style=\"height:269px; width:600px\" /></p>\r\n\r\n<p><strong>Điều kiện giới hạn của Voucher:</strong></p>\r\n\r\n<p><strong>* Voucher kh&ocirc;ng bao gồm:</strong></p>\r\n\r\n<p>+ C&aacute;c chi ph&iacute; ngo&agrave;i chương tr&igrave;nh (điện thoại, giặt ủi tại kh&aacute;ch sạn v&agrave; c&aacute;c chi ph&iacute; c&aacute; nh&acirc;n kh&aacute;c).</p>\r\n\r\n<p>+ Y&ecirc;u cầu ph&ograve;ng ri&ecirc;ng phụ thu: 550.000 vnđ/kh&aacute;ch (1 kh&aacute;ch/1 ph&ograve;ng/2 đ&ecirc;m).</p>\r\n\r\n<p>+ Ăn uống ngo&agrave;i chương tr&igrave;nh, c&aacute;c chi ph&iacute; c&aacute; nh&acirc;n kh&aacute;c.</p>\r\n\r\n<p>+ Thuế VAT. Tiền tip B&aacute;c t&agrave;i v&agrave; HDV.</p>\r\n\r\n<p><strong>* Gi&aacute; v&eacute; trẻ em:</strong></p>\r\n\r\n<p>+ Trẻ em từ 11 tuổi trở l&ecirc;n mua 1 v&eacute;.</p>\r\n\r\n<p>+ Trẻ em từ 05 -&gt; dưới 11 tuổi phải đ&oacute;ng 60% v&eacute;/b&eacute;. (Ti&ecirc;u chuẩn: 01 suất ăn + ghế ngồi, ngủ chung với ba mẹ).</p>\r\n\r\n<p>+ Trẻ em từ dưới 05 tuổi trở xuống kh&ocirc;ng t&iacute;nh ph&iacute;, gia đ&igrave;nh tự lo cho b&eacute;. Nhưng 02 người lớn chỉ k&egrave;m theo 01 trẻ em, nếu từ 02 trẻ em trở l&ecirc;n phải đ&oacute;ng 60% vnđ/b&eacute;.</p>\r\n\r\n<p>+ (Ti&ecirc;u chuẩn 60% v&eacute;: được 01 suất ăn + 01 ghế ngồi v&agrave; ngủ gh&eacute;p chung ph&ograve;ng với gia đ&igrave;nh).</p>\r\n\r\n<p><strong>* Điều kiện hủy Tour:</strong></p>\r\n\r\n<p>+&nbsp; Kh&aacute;ch h&agrave;ng đặt Tour trước từ 10 đến 15 ng&agrave;y.</p>\r\n\r\n<p>+ Trường hợp thay đổi lịch nghỉ dưỡng đ&atilde; đặt, kh&aacute;ch h&agrave;ng phải th&ocirc;ng b&aacute;o trước 10 ng&agrave;y (v&agrave; kh&ocirc;ng giải quyết qu&aacute; 01 lần thay đổi).</p>\r\n\r\n<p>+ Nếu kh&aacute;ch đặt tour nhưng kh&ocirc;ng đến voucher sẽ bị hủy v&agrave; kh&ocirc;ng c&ograve;n gi&aacute; trị.</p>\r\n\r\n<p>+ Voucher kh&ocirc;ng c&oacute; gi&aacute; trị quy đổi th&agrave;nh tiền, kh&ocirc;ng ho&agrave;n trả tiền khi kh&aacute;ch h&agrave;ng kh&ocirc;ng sử dụng voucher trong thời gian voucher c&ograve;n hiệu lực.</p>\r\n\r\n<p><strong>* C&aacute;c đợt khởi h&agrave;nh:</strong></p>\r\n\r\n<p>- Đợt 01: 06/11/2015&nbsp;</p>\r\n\r\n<p>- Đợt 02: 13/11/2015&nbsp;</p>\r\n\r\n<p>- Đợt 03: 19/11/2015&nbsp; (Phụ thu 140.000 vnđ)&nbsp;&nbsp;</p>\r\n\r\n<p>- Đợt 04: 27/11/2015&nbsp;</p>\r\n\r\n<p>- Đợt 05: 04/12/2015&nbsp;&nbsp;</p>\r\n\r\n<p>- Đợt 06: 11/12/2015&nbsp;</p>\r\n\r\n<p>- Đợt 07: 18/12/2015&nbsp;</p>\r\n\r\n<p>- Đợt 08: 24/12/2015&nbsp; (Phụ thu 140.000 vnđ)&nbsp;&nbsp;</p>\r\n\r\n<p>- Đợt 09: 30/12/2015&nbsp; (Phụ thu 590.000 vnđ)&nbsp;&nbsp;</p>\r\n\r\n<p>- Đợt 10: 31/12/2015&nbsp; (Phụ thu 650.000 vnđ)&nbsp;&nbsp;</p>\r\n\r\n<p>- Đợt 11: 08/01/2016&nbsp;</p>\r\n\r\n<p>- Đợt 12: 15/01/2016&nbsp;&nbsp;</p>\r\n\r\n<p>- Đợt 13: 22/01/2016&nbsp;</p>\r\n\r\n<p>- Đợt 14: 29/01/2016&nbsp;</p>\r\n\r\n<p>- Đợt 15: 04/02/2016&nbsp; (Phụ thu t&ecirc;́t 400.000 vnđ)&nbsp;&nbsp;</p>\r\n\r\n<p>- Đợt 16: 08/02/2016&nbsp; (Phụ thu t&ecirc;́t 400.000 vnđ)&nbsp;&nbsp;</p>\r\n\r\n<p>- Đợt 17: 09/02/2016&nbsp; (Phụ thu t&ecirc;́t 590.000 vnđ)&nbsp;&nbsp;</p>\r\n\r\n<p>- Đợt 18: 10/02/2016&nbsp; (Phụ thu t&ecirc;́t 650.000 vnđ)&nbsp;&nbsp;</p>\r\n\r\n<p>- Đợt 19: 11/02/2016&nbsp; (Phụ thu t&ecirc;́t 490.000 vnđ)&nbsp;&nbsp;</p>\r\n\r\n<p>- Đợt 20: 18/02/2016&nbsp; (Phụ thu 150.000 vnđ)&nbsp;&nbsp;</p>\r\n\r\n<p>Nhằm mang đến cho du kh&aacute;ch th&ecirc;m sự lựa chọn trong những dịp nghỉ dưỡng d&agrave;i ng&agrave;y, c&ocirc;ng ty du lịch Ch&acirc;n Trời Mới xin giới thiệu tour du lịch B&igrave;nh Ba - Phan Thiết - nghỉ dưỡng Resort 4* 3 ng&agrave;y 3 đ&ecirc;m d&agrave;nh cho 01 kh&aacute;ch. Tham gia tour du lịch n&agrave;y, bạn sẽ c&oacute; cơ hội kh&aacute;m ph&aacute; những cảnh đẹp bậc nhất của dải đất Nam Trung Bộ như đảo B&igrave;nh Ba, phố biển Phan Thiết v&agrave; Mũi K&ecirc; G&agrave; nổi tiếng. B&ecirc;n cạnh tham quan, chuyến du lịch c&ograve;n nhiều ưu đ&atilde;i hấp dẫn, cho bạn trải nghiệm một h&agrave;nh tr&igrave;nh thật đ&aacute;ng nhớ.</p>\r\n\r\n<p><img alt=\"\" src=\"http://localhost:8080/WebDuLich/view/resource/image/user/5/57.JPG\" style=\"height:400px; width:600px\" /></p>\r\n\r\n<p>B&igrave;nh Ba l&agrave; một đảo nhỏ nằm ngay cửa v&agrave;o vịnh Cam Ranh. Đến B&igrave;nh Ba, bạn sẽ được tham quan b&atilde;i tắm hoang sơ nh&acirc;́t chưa c&oacute; t&ecirc;n tr&ecirc;n bản đồ du lịch khu vực mi&ecirc;̀n Trung như: B&atilde;i Bồ Đề, B&atilde;i Nh&agrave; Cũ, B&atilde;i Me, thỏa th&iacute;ch ng&acirc;m m&igrave;nh trong l&agrave;ng nước trong xanh tuy&ecirc;̣t đẹp, lặn ngắm san h&ocirc; v&agrave; những đ&agrave;n c&aacute; đầy m&agrave;u sắc. Đến với B&igrave;nh Ba, bạn c&ograve;n được thưởng thức m&oacute;n t&ocirc;m h&ugrave;m nướng trứ danh, một đặc sản kh&ocirc;ng thể bỏ qua của h&ograve;n đảo n&agrave;y.</p>\r\n\r\n<p>&nbsp;</p>\r\n\r\n<p>Rời B&igrave;nh Ba, ngược h&agrave;nh tr&igrave;nh, du kh&aacute;ch đến với Phan Thiết - nơi giao h&ograve;a của những vẻ đẹp tinh t&uacute;y giữa trời v&agrave; đất. Đ&acirc;y l&agrave; một thắng cảnh tuyệt t&aacute;c m&agrave; thi&ecirc;n nhi&ecirc;n ban tặng ri&ecirc;ng cho v&ugrave;ng đất duy&ecirc;n hải Nam Trung Bộ vốn kh&ocirc; cằn, sỏi đ&aacute;. Tại Phan Thiết, bạn sẽ c&oacute; dịp tham quan L&acirc;u Đ&agrave;i Rượu Vang thuộc Sealink City với kiến tr&uacute;c Ch&acirc;u &Acirc;u cổ điển. Đ&acirc;y l&agrave; l&acirc;u đ&agrave;i rượu vang đầu ti&ecirc;n tại Việt Nam. Qu&yacute; kh&aacute;ch kh&ocirc;ng cần phải đến Mỹ mới c&oacute; thể tận hưởng những loại rượu vang hảo hạng của Napa Valley m&agrave; sẽ được thưởng thức ngay tại L&acirc;u Đ&agrave;i Rượu Vang của Sea Links City.</p>\r\n\r\n<p>&nbsp;</p>\r\n\r\n<p>Điểm cuối trong h&agrave;nh tr&igrave;nh, bạn sẽ được thỏa th&iacute;ch tắm biển v&agrave; tham quan Mũi K&ecirc; G&agrave; nổi tiếng. Du kh&aacute;ch sẽ được trải nghiệm cảm gi&aacute;c ngồi tr&ecirc;n th&uacute;ng để tham quan Điện Mũi K&ecirc; G&agrave;, ngắm nh&igrave;n Hải Đăng K&ecirc; G&agrave;, tận mắt chi&ecirc;m ngưỡng c&ocirc;ng tr&igrave;nh kiến tr&uacute;c đỉnh cao được x&acirc;y bằng từng khối đ&aacute; chạm khắc tỉ mỉ. Từ ban-c&ocirc;ng tr&ecirc;n đỉnh th&aacute;p, du kh&aacute;ch sẽ được tận hưởng cảm gi&aacute;c l&acirc;ng l&acirc;ng, cho&aacute;ng ngợp khi ph&oacute;ng tầm mắt nh&igrave;n ngắm to&agrave;n cảnh m&ecirc;nh m&ocirc;ng biển trời v&agrave; gi&oacute; lộng của v&ugrave;ng đất Phan Thiết.</p>\r\n\r\n<p>&nbsp;</p>\r\n\r\n<p>Tham gia tour lần n&agrave;y, qu&yacute; kh&aacute;ch sẽ được nghỉ ngơi tại resort S&agrave;i G&ograve;n Suối Nhum cao cấp 4* đầy đủ tiện nghi, trải nghiệm những dịch vụ tốt nhất như hồ bơi thủy lực, s&acirc;n golf, spa, nh&agrave; h&agrave;ng ri&ecirc;ng của resort. Th&ecirc;m v&agrave;o đ&oacute;, với hải sản tươi ngon, thức ăn vừa miệng trong chuyến h&agrave;nh tr&igrave;nh v&agrave; đội ngũ hướng dẫn vi&ecirc;n nhiệt t&igrave;nh, d&iacute; dỏm hứa hẹn mang đến cho bạn tour du lịch đầy m&agrave;u sắc v&agrave; mu&ocirc;n v&agrave;n kỷ niệm đ&aacute;ng nhớ.</p>\r\n\r\n<p>&nbsp;</p>\r\n\r\n<p><strong>Lịch tr&igrave;nh tour:</strong></p>\r\n\r\n<p>&nbsp;</p>\r\n\r\n<p><strong>Đ&ecirc;m 01: TP.HCM &ndash; CAM RANH&nbsp; </strong></p>\r\n\r\n<p>20h00: Xe v&agrave; HDV C&ocirc;ng ty du lịch Ch&acirc;n Trời Mới - www.nhtravel.vn đ&oacute;n qu&yacute; kh&aacute;ch tại điểm hẹn.</p>\r\n\r\n<p>20h30: đ&oacute;n kh&aacute;ch tại C&ocirc;ng ty - 39 Nguyễn Hữu Cảnh P.22 Q.B&igrave;nh Thạnh Tp.HCM.</p>\r\n\r\n<p>20h40: đ&oacute;n kh&aacute;ch tại BĐTP - đối diện nh&agrave; thờ Đức B&agrave;.</p>\r\n\r\n<p>21h00: Đ&oacute;n kh&aacute;ch tại nh&agrave; h&aacute;t H&ograve;a B&igrave;nh - 240 đường 3 th&aacute;ng 2, phường 12, Q.10.</p>\r\n\r\n<p>21h20: Đ&oacute;n kh&aacute;ch tại Ng&atilde; tư H&agrave;ng Xanh.</p>\r\n\r\n<p>21h45: Đ&oacute;n kh&aacute;ch tại Si&ecirc;u thị Coopmart xa lộ H&agrave; Nội - ng&atilde; 4 Thủ Đức.</p>\r\n\r\n<p>Đo&agrave;n khởi h&agrave;nh đi Cam Ranh tr&ecirc;n chuyến xe đời mới, sang trọng, &ecirc;m &aacute;i v&agrave; trang thiết bị nội thất hiện đại. C&ocirc;ng ty tặng mỗi kh&aacute;ch 1 chiếc gối hơi du lịch, Qu&yacute; kh&aacute;ch nghỉ đ&ecirc;m tr&ecirc;n xe với giấc ngủ thật ngon.</p>\r\n\r\n<p>&nbsp;</p>\r\n\r\n<p><strong>Ng&agrave;y 01: CAM RANH &ndash;&nbsp; ĐẢO BÌNH BA &nbsp;&nbsp;&nbsp;&nbsp;&nbsp;&nbsp;&nbsp;&nbsp;&nbsp;&nbsp;&nbsp; (Ăn s&aacute;ng, trưa, chiều)</strong></p>\r\n\r\n<p>Sáng: Đến thành ph&ocirc;́ Cam Ranh, xe đưa đo&agrave;n đ&ecirc;́n nhà hàng địa phương, v&ecirc;̣ sinh cá nh&acirc;n, dùng đi&ecirc;̉m t&acirc;m sáng tại nhà hàng.</p>\r\n\r\n<p>07h30: Đoàn di chuy&ecirc;̉n xu&ocirc;́ng cảng cá Ba Ngòi, l&ecirc;n tàu khởi h&agrave;nh ra đảo Bình Ba, quý khách tự do tham quan, chụp ảnh tr&ecirc;n vịnh Cam Ranh.</p>\r\n\r\n<p>09h00: Đ&ecirc;́n đảo Bình Ba, Quý khách viếng Lăng &Ocirc;ng Nam Hải - nơi thờ &Ocirc;ng Nam Hải v&agrave; Tiền Hiền, Hậu Hiền, những người c&oacute; c&ocirc;ng khai khẩn đất hoang, quy d&acirc;n, lập ấp, tạo dựng x&oacute;m l&agrave;ng..., tham quan Đi&ecirc;̣n Ph&acirc;̣t Bà Quan &Acirc;m - tại đ&acirc;y qu&yacute; kh&aacute;ch có th&ecirc;̉ ngắm nh&igrave;n to&agrave;n thể b&atilde;i trước, bến đ&ograve;, cầu cảng, xuồng ghe tấp nập. Qu&yacute; kh&aacute;ch tự do tắm biển thư gi&atilde;n, chụp h&igrave;nh, thưởng thức hải sản tại khu vực b&atilde;i Nồm.</p>\r\n\r\n<p>Trưa: Quý khách dùng bữa trưa với những đặc sản của địa phương.</p>\r\n\r\n<p>Chi&ecirc;̀u:&nbsp; Đoàn l&ecirc;n t&agrave;u khởi hành thưởng ngoạn cảnh đẹp Vịnh Cam Ranh, ti&ecirc;́p tục hành trình tàu đưa quý khách đ&ecirc;́n tham quan m&ocirc;̣t s&ocirc;́ bãi bi&ecirc;̉n đẹp nh&acirc;́t của đảo Bình Ba như:</p>\r\n\r\n<p>- Bãi B&ocirc;̀ Đ&ecirc;̀ &ndash; đ&acirc;y là m&ocirc;̣t trong những bãi bi&ecirc;̉n đẹp với bãi cát mịn, nước bi&ecirc;̉n trong xanh.</p>\r\n\r\n<p>- Bãi Nhà Cũ - c&oacute; thể n&oacute;i đ&acirc;y l&agrave; m&ocirc;̣t trong những bãi bi&ecirc;̉n tuyệt vời nhất trong c&aacute;c b&atilde;i bi&ecirc;̉n về độ sạch, xanh, c&oacute; nhiều nhum, san h&ocirc; tại đ&acirc;y...</p>\r\n\r\n<p>- Bãi&nbsp; Me,... quý khách tự do tắm bi&ecirc;̉n, lặng ngắm san h&ocirc; tại đ&acirc;y (chi ph&iacute; tự t&uacute;c).</p>\r\n\r\n<p>17h00: Quý khách khởi hành v&ecirc;̀ lại đảo B&igrave;nh Ba, tr&ecirc;n đường đi quý khách c&oacute; thể mua sắm hải sản trực tiếp tại b&egrave; T&ocirc;m Hùm, về l&agrave;m qu&agrave; lưu niệm cho gia đ&igrave;nh v&agrave; bạn b&egrave; (n&ecirc;́u có thời gian).</p>\r\n\r\n<p>Tối: Qu&yacute; kh&aacute;ch thưởng thức ti&ecirc;̣c nướng hải sản với các món đặc sản của vùng:</p>\r\n\r\n<p>Ch&aacute;o t&ocirc;m H&ugrave;m.</p>\r\n\r\n<p>T&ocirc;m nướng.</p>\r\n\r\n<p>Ốc Nướng.</p>\r\n\r\n<p>Mực Nướng.</p>\r\n\r\n<p>C&aacute; nướng.</p>\r\n\r\n<p>Cơm chi&ecirc;n.</p>\r\n\r\n<p>Tr&aacute;i c&acirc;y&hellip;.</p>\r\n\r\n<p><img alt=\"\" src=\"http://localhost:8080/WebDuLich/view/resource/image/user/5/20.png\" style=\"height:450px; width:600px\" /></p>\r\n\r\n<p><strong>Ng&agrave;y 02: BÌNH BA &ndash; PHAN THI&Ecirc;́T (Ăn s&aacute;ng, trưa)</strong></p>\r\n\r\n<p>S&aacute;ng: Qu&yacute; kh&aacute;ch d&ugrave;ng đi&ecirc;̉m t&acirc;m sáng, làm thủ tục trả phòng v&ecirc;̀ lại Cam Ranh.</p>\r\n\r\n<p>09h00: Đ&ecirc;́n Cam Ranh, xe đưa quý khách khởi hành v&ecirc;̀ Phan Thi&ecirc;́t. Tr&ecirc;n đường v&ecirc;̀ đoàn đi ngang qua Bàu Sen&nbsp; thưởng ngoạn cảnh quan l&atilde;ng mạn đầy quyến rũ của B&agrave;u Sen, xe dừng ch&acirc;n đ&ecirc;̉ quý khách tự do chụp những t&acirc;́m ảnh đẹp tại đ&acirc;y. Ti&ecirc;́p tục hành trình khởi hành v&ecirc;̀ Phan Thi&ecirc;́t.</p>\r\n\r\n<p>Trưa: Qu&yacute; kh&aacute;ch d&ugrave;ng cơm trưa tại nh&agrave; h&agrave;ng khu vực Mũi Né.</p>\r\n\r\n<p>Chi&ecirc;̀u: Đo&agrave;n khởi hành tham quan v&agrave; mua sắm đặc sản Phan Thiết, hoặc qu&yacute; kh&aacute;ch tự do tham quan L&acirc;u đài Vang RD trong khu nghỉ dưỡng Sealink - Cảm t&aacute;c từ thung lũng rượu vang Napa v&ugrave;ng California của nứơc Mỹ, một sản phẩm du lịch độc đ&aacute;o nằm trong quần thể Sea Links City. Tại đ&acirc;y Qu&yacute; kh&aacute;ch sẽ được nghe giới thiệu về quy tr&igrave;nh sản xuất, đ&oacute;ng chai v&agrave; thưởng thức một trong những loại rượu vang hảo hạng nổi tiếng thế giới được xuất xứ từ Thung Lũng Napa (Mỹ) (chi phí tự túc). Đoàn khởi hành v&ecirc;̀ resort S&agrave;i G&ograve;n Suối Nhum tại khu vực K&ecirc; Gà nh&acirc;̣n phòng, nghỉ ngơi thư giãn, quý khách tự do tắm bi&ecirc;̉n tắm h&ocirc;̀ bơi tại resort.</p>\r\n\r\n<p>T&ocirc;́i: Quý khách tự do thưởng thức hải sản. Nghỉ đ&ecirc;m tại resort.</p>\r\n\r\n<p>&nbsp;</p>\r\n\r\n<p><strong>Ng&agrave;y 03: K&Ecirc; GÀ &ndash; TP.H&Ocirc;̀ CHÍ MINH (Ăn s&aacute;ng, trưa)</strong></p>\r\n\r\n<p>S&aacute;ng: Qu&yacute; kh&aacute;ch d&ugrave;ng buffet sáng tại resort. Tự do tắm bi&ecirc;̉n, tắm h&ocirc;̀ bơi, nghỉ ngơi tại resort.</p>\r\n\r\n<p>08h00: Xe đưa qu&yacute; kh&aacute;ch v&agrave;o khu Mũi Điện K&ecirc; G&agrave; ngắm cảnh v&agrave; chụp h&igrave;nh, tham quan mũi Điện K&ecirc; G&agrave; bằng thuyền th&uacute;ng hoặc can&ocirc;, thưởng thức hương vị ngọt thanh thao của dừa ba nh&aacute;t (chi ph&iacute; tự t&uacute;c).</p>\r\n\r\n<p>11h00: Quý khách làm thủ tục trả phòng, dùng cơm trưa tại nhà hàng resort. Sau đ&oacute; khởi h&agrave;nh về TP.HCM.</p>\r\n\r\n<p>18h00: Đến TP.HCM, xe đưa Qu&yacute; kh&aacute;ch về điểm đ&oacute;n ban đầu, HDV DL Ch&acirc;n Trời Mới chia tay đo&agrave;n, kết th&uacute;c chuyến tham quan. Hẹn gặp lại Qu&yacute; kh&aacute;ch tr&ecirc;n mọi nẻo đường du lịch.</p>\r\n','2015-12-31 08:44:23','10 000 000',23,0,1,'10 ngày',0),(11,3,1,5,'Cảm nhận về khu du lịch suối tiên','<p><strong><a href=\"http://bazantravel.com/tour-trong-nuoc/du-lich-vung-tau/\">Du lịch Vũng T&agrave;u</a></strong> v&agrave;o một ng&agrave;y đầu thu, những tia nắng ấm &aacute;p, bầu trời trong xanh v&agrave; tiếng s&oacute;ng biển vỗ bờ &agrave;o ạt như đang th&aacute;ch thức m&ugrave;a sang. Tự thưởng cho m&igrave;nh một k&igrave; nghỉ ngắn để tinh thần thư th&aacute;i, sẵn s&agrave;ng cho cuộc h&agrave;nh tr&igrave;nh mới với nhiều dự định. Rời xa sự ồn &agrave;o nơi phố thị, t&ocirc;i lựa chọn Vũng T&agrave;u l&agrave;m điểm đến, bởi sự hấp dẫn của cảnh vật nơi đ&acirc;y, đặc biệt l&agrave; h&igrave;nh ảnh thuyền biển m&ecirc;nh m&ocirc;ng.<br />\r\n<strong>B&atilde;i Sau Vũng T&agrave;u</strong> l&agrave; một địa danh được nhắc đến nhiều, tọa lạc tr&ecirc;n trục đường ch&iacute;nh Th&ugrave;y V&acirc;n v&agrave; Phan Chu Trinh, trải d&agrave;i b&ecirc;n cạnh l&agrave; những h&agrave;ng phi lao nối d&agrave;i che chắn gi&oacute; biển. Vừa đặt ch&acirc;n đến sau chặng đường d&agrave;i, nghe tiếng s&oacute;ng biển &agrave;o ạt từ xa c&ugrave;ng những cơn gi&oacute; thoang thoảng mang vị mặn của biển cả, l&agrave;m x&oacute;a tan cảm gi&aacute;c mệt nho&agrave;i của cuộc h&agrave;nh tr&igrave;nh trong t&ocirc;i.<br />\r\nĐứng tr&ecirc;n vai <a href=\"http://bazantravel.com/tuong-chua-kito-vung-tau/\"><strong>Tượng Ch&uacute;a Dang Tay</strong></a>, ph&oacute;ng tầm nh&igrave;n bao qu&aacute;t thấy th&agrave;nh phố trở n&ecirc;n b&eacute; nhỏ, chỉ c&oacute; biển khơi th&igrave; vẫn m&ecirc;nh m&ocirc;ng rộng d&agrave;i. Nh&igrave;n từng lớp s&oacute;ng biển cuồn cuộn, từng d&ograve;ng người lại qua, những &aacute;ng m&acirc;y lững thững tr&ocirc;i nền n&atilde;, thấy l&ograve;ng m&igrave;nh chợt b&igrave;nh y&ecirc;n giữa những bộn bề tất bật.<br />\r\nDạo bước tr&ecirc;n những con phố Vũng T&agrave;u về đ&ecirc;m, vẻ đẹp giản dị đ&atilde; n&iacute;u ch&acirc;n bao người đến, dừng ở đ&acirc;y t&ocirc;i kh&ocirc;ng c&oacute; cảm gi&aacute;c m&igrave;nh đang đi du lịch tại một v&ugrave;ng đất xa lạ, m&agrave; tưởng như nơi đ&acirc;y gắn b&oacute; quen thuộc từ bao giờ. Sự quen thuộc ấy h&igrave;nh th&agrave;nh bởi h&igrave;nh ảnh của những ng&ocirc;i nh&agrave; b&igrave;nh dị, người d&acirc;n xứ biển đ&ocirc;n hậu với nụ cười mến kh&aacute;ch, h&agrave;ng qu&aacute;n đ&ecirc;m đ&ecirc;m nhỏ nhắn kh&ocirc;ng qu&aacute; cầu k&igrave; với <a href=\"http://bazantravel.com/am-thuc/am-thuc-vung-tau/\"><strong>những m&oacute;n ngon hải sản B&agrave; Rịa &ndash; Vũng T&agrave;u</strong></a> mang đậm hương vị đặc trưng của phố biển.<br />\r\nThong dong tr&ecirc;n bờ c&aacute;t trắng trải d&agrave;i, bất gi&aacute;c t&ocirc;i nhớ đến c&acirc;u thơ của ai đ&oacute; khi đến Vũng T&agrave;u:<br />\r\n<em>Vũng T&agrave;u rất đẹp rất xinh</em><br />\r\n<em>Cho anh đi m&atilde;i với c&ocirc; nh&acirc;n t&igrave;nh</em><br />\r\n<em>Qu&ecirc;n lu&ocirc;n lối tỏ đường quanh</em><br />\r\n<em>Ngỡ ng&agrave;ng nh&igrave;n thấy, con đường gốc vu&ocirc;ng&hellip;</em><br />\r\nKhi chưa đến th&agrave;nh phố biển n&agrave;y th&igrave; kh&aacute; khen thay cho những vần thơ đẹp, nhưng đến rồi th&igrave; lại bồi hồi kh&ocirc;ng diễn tả hết bởi những vần thơ ấy l&agrave;m nao l&ograve;ng qu&aacute; nhưng chẳng đủ để diễn tả trọn vẹn những t&acirc;m t&igrave;nh gắn với nơi n&agrave;y. Ra đi để kh&ocirc;n lớn v&agrave; ra đi để trở về &ndash; thực sự l&agrave; thế. Những h&agrave;nh tr&igrave;nh th&uacute; vị lu&ocirc;n l&agrave;m bước ch&acirc;n l&atilde;ng du như th&ecirc;m nắn n&oacute;t tr&ecirc;n h&agrave;nh tr&igrave;nh m&igrave;nh đang bước.</p>\r\n\r\n<p><a href=\"http://bazantravel.com/diem-den-du-lich/diem-tham-quan-vung-tau/\"><strong>Điểm du lịch Vũng T&agrave;u</strong></a> vừa như những lời mời gọi, lại tựa như những khoảng trời ri&ecirc;ng lu&ocirc;n trong t&igrave;nh trạng tr&ocirc;ng ng&oacute;ng đợi chờ. Sự tr&ocirc;ng đợi ấy thật ngọt ng&agrave;o biết mấy, khiến bao ngươi đi lại tranh thủ trở về thăm. Vũng T&agrave;u đấy, đ&aacute;ng y&ecirc;u l&agrave; thế, rất th&acirc;n thương v&agrave; nhất định một ng&agrave;y trở lại kh&ocirc;ng xa!!!!!</p>\r\n\r\n<p>&nbsp;</p>\r\n\r\n<p><strong><a href=\"http://bazantravel.com/tour-trong-nuoc/du-lich-vung-tau/\">Du lịch Vũng T&agrave;u</a></strong> v&agrave;o một ng&agrave;y đầu thu, những tia nắng ấm &aacute;p, bầu trời trong xanh v&agrave; tiếng s&oacute;ng biển vỗ bờ &agrave;o ạt như đang th&aacute;ch thức m&ugrave;a sang. Tự thưởng cho m&igrave;nh một k&igrave; nghỉ ngắn để tinh thần thư th&aacute;i, sẵn s&agrave;ng cho cuộc h&agrave;nh tr&igrave;nh mới với nhiều dự định. Rời xa sự ồn &agrave;o nơi phố thị, t&ocirc;i lựa chọn Vũng T&agrave;u l&agrave;m điểm đến, bởi sự hấp dẫn của cảnh vật nơi đ&acirc;y, đặc biệt l&agrave; h&igrave;nh ảnh thuyền biển m&ecirc;nh m&ocirc;ng.<br />\r\n<strong>B&atilde;i Sau Vũng T&agrave;u</strong> l&agrave; một địa danh được nhắc đến nhiều, tọa lạc tr&ecirc;n trục đường ch&iacute;nh Th&ugrave;y V&acirc;n v&agrave; Phan Chu Trinh, trải d&agrave;i b&ecirc;n cạnh l&agrave; những h&agrave;ng phi lao nối d&agrave;i che chắn gi&oacute; biển. Vừa đặt ch&acirc;n đến sau chặng đường d&agrave;i, nghe tiếng s&oacute;ng biển &agrave;o ạt từ xa c&ugrave;ng những cơn gi&oacute; thoang thoảng mang vị mặn của biển cả, l&agrave;m x&oacute;a tan cảm gi&aacute;c mệt nho&agrave;i của cuộc h&agrave;nh tr&igrave;nh trong t&ocirc;i.<br />\r\nĐứng tr&ecirc;n vai <a href=\"http://bazantravel.com/tuong-chua-kito-vung-tau/\"><strong>Tượng Ch&uacute;a Dang Tay</strong></a>, ph&oacute;ng tầm nh&igrave;n bao qu&aacute;t thấy th&agrave;nh phố trở n&ecirc;n b&eacute; nhỏ, chỉ c&oacute; biển khơi th&igrave; vẫn m&ecirc;nh m&ocirc;ng rộng d&agrave;i. Nh&igrave;n từng lớp s&oacute;ng biển cuồn cuộn, từng d&ograve;ng người lại qua, những &aacute;ng m&acirc;y lững thững tr&ocirc;i nền n&atilde;, thấy l&ograve;ng m&igrave;nh chợt b&igrave;nh y&ecirc;n giữa những bộn bề tất bật.<br />\r\nDạo bước tr&ecirc;n những con phố Vũng T&agrave;u về đ&ecirc;m, vẻ đẹp giản dị đ&atilde; n&iacute;u ch&acirc;n bao người đến, dừng ở đ&acirc;y t&ocirc;i kh&ocirc;ng c&oacute; cảm gi&aacute;c m&igrave;nh đang đi du lịch tại một v&ugrave;ng đất xa lạ, m&agrave; tưởng như nơi đ&acirc;y gắn b&oacute; quen thuộc từ bao giờ. Sự quen thuộc ấy h&igrave;nh th&agrave;nh bởi h&igrave;nh ảnh của những ng&ocirc;i nh&agrave; b&igrave;nh dị, người d&acirc;n xứ biển đ&ocirc;n hậu với nụ cười mến kh&aacute;ch, h&agrave;ng qu&aacute;n đ&ecirc;m đ&ecirc;m nhỏ nhắn kh&ocirc;ng qu&aacute; cầu k&igrave; với <a href=\"http://bazantravel.com/am-thuc/am-thuc-vung-tau/\"><strong>những m&oacute;n ngon hải sản B&agrave; Rịa &ndash; Vũng T&agrave;u</strong></a> mang đậm hương vị đặc trưng của phố biển.<br />\r\nThong dong tr&ecirc;n bờ c&aacute;t trắng trải d&agrave;i, bất gi&aacute;c t&ocirc;i nhớ đến c&acirc;u thơ của ai đ&oacute; khi đến Vũng T&agrave;u:<br />\r\n<em>Vũng T&agrave;u rất đẹp rất xinh</em><br />\r\n<em>Cho anh đi m&atilde;i với c&ocirc; nh&acirc;n t&igrave;nh</em><br />\r\n<em>Qu&ecirc;n lu&ocirc;n lối tỏ đường quanh</em><br />\r\n<em>Ngỡ ng&agrave;ng nh&igrave;n thấy, con đường gốc vu&ocirc;ng&hellip;</em><br />\r\nKhi chưa đến th&agrave;nh phố biển n&agrave;y th&igrave; kh&aacute; khen thay cho những vần thơ đẹp, nhưng đến rồi th&igrave; lại bồi hồi kh&ocirc;ng diễn tả hết bởi những vần thơ ấy l&agrave;m nao l&ograve;ng qu&aacute; nhưng chẳng đủ để diễn tả trọn vẹn những t&acirc;m t&igrave;nh gắn với nơi n&agrave;y. Ra đi để kh&ocirc;n lớn v&agrave; ra đi để trở về &ndash; thực sự l&agrave; thế. Những h&agrave;nh tr&igrave;nh th&uacute; vị lu&ocirc;n l&agrave;m bước ch&acirc;n l&atilde;ng du như th&ecirc;m nắn n&oacute;t tr&ecirc;n h&agrave;nh tr&igrave;nh m&igrave;nh đang bước.</p>\r\n\r\n<p><a href=\"http://bazantravel.com/diem-den-du-lich/diem-tham-quan-vung-tau/\"><strong>Điểm du lịch Vũng T&agrave;u</strong></a> vừa như những lời mời gọi, lại tựa như những khoảng trời ri&ecirc;ng lu&ocirc;n trong t&igrave;nh trạng tr&ocirc;ng ng&oacute;ng đợi chờ. Sự tr&ocirc;ng đợi ấy thật ngọt ng&agrave;o biết mấy, khiến bao ngươi đi lại tranh thủ trở về thăm. Vũng T&agrave;u đấy, đ&aacute;ng y&ecirc;u l&agrave; thế, rất th&acirc;n thương v&agrave; nhất định một ng&agrave;y trở lại kh&ocirc;ng xa!!!!!</p>\r\n','2015-12-31 08:53:15','',3,0,0,'',0),(12,3,1,5,'Cảm nhận về phong nha kẻ bàng','<p>Từ thuở l&ecirc;n năm t&ocirc;i đ&atilde; được c&aacute;i diễm ph&uacute;c c&ugrave;ng cha, mẹ v&agrave; p&eacute; chầm dầm du h&iacute; biển Vũng t&agrave;u.<br />\r\nC&aacute;ch S&agrave;i G&ograve;n hơn 100km với hơn một giờ đi &ocirc; t&ocirc;, v&agrave; c&aacute;ch qu&ecirc; t&ocirc;i 210km chẵn tr&ograve;n, v&ugrave;ng biển m&agrave; t&ocirc;i đến l&agrave; Vũng T&agrave;u, một th&agrave;nh phố trẻ năng động v&agrave; nhộn nhịp. Người S&agrave;i G&ograve;n c&oacute; lẽ đa phần đều đ&atilde; từng đến với Vũng T&agrave;u &iacute;t nhất một lần để nghỉ ngơi, thư gi&atilde;n cũng với gia đ&igrave;nh hoặc b&egrave; bạn.<br />\r\nVũng T&agrave;u d&agrave;nh sự ưu &aacute;i đặc biệt như vậy cũng do cuộc sống tất bật lo toan. Guồng quay s&ocirc;i động v&agrave; bận bịu của cuộc sống đ&atilde; khiến cho những người S&agrave;i G&ograve;n đ&ocirc;i khi muốn tho&aacute;t khỏi thật nhanh c&aacute;i ồn &agrave;o v&agrave; bụi bặm của th&agrave;nh phố. V&agrave; khi đ&oacute;, người ta thường t&igrave;m về với biển. Chỉ với một, hai ng&agrave;y nghỉ th&igrave; Vũng T&agrave;u c&oacute; lẽ l&agrave; giải ph&aacute;p tối ưu nhất.<br />\r\n......<br />\r\nNgồi tr&ecirc;n xe v&agrave; đếm những cột mốc c&acirc;y số cứ lướt qua v&agrave; bỏ lại ph&iacute;a sau lưng m&igrave;nh, t&ocirc;i đang đi về ph&iacute;a biển. C&oacute; ai đ&oacute; đ&atilde; n&oacute;i với t&ocirc;i rằng &ldquo;Biển bao la như t&igrave;nh mẹ&rdquo; v&agrave; t&ocirc;i tin v&agrave;o sự so s&aacute;nh đ&oacute;. Mỗi lần đứng trước biển, t&ocirc;i c&oacute; cảm gi&aacute;c biển cả lu&ocirc;n dang rộng c&aacute;nh tay đ&oacute;n t&ocirc;i v&agrave;o l&ograve;ng, c&oacute; khi bằng những cơn s&oacute;ng vỗ về hiền dịu v&agrave; cũng c&oacute; khi l&agrave; những đợt s&oacute;ng mạnh mẽ, dữ dội. Cảm gi&aacute;c đ&oacute; khiến t&ocirc;i nhớ về mẹ t&ocirc;i, l&uacute;c b&agrave; dịu d&agrave;ng &acirc;u yếm v&agrave; cả những khi nghi&ecirc;m khắc dạy dỗ....<br />\r\n.....<br />\r\nNhắc về biển Vũng t&agrave;u cũng như &ocirc;n về kỷ niệm của t&ocirc;i v&agrave; em (h&igrave; h&igrave;).</p>\r\n\r\n<p>Từ thuở l&ecirc;n năm t&ocirc;i đ&atilde; được c&aacute;i diễm ph&uacute;c c&ugrave;ng cha, mẹ v&agrave; p&eacute; chầm dầm du h&iacute; biển Vũng t&agrave;u.<br />\r\nC&aacute;ch S&agrave;i G&ograve;n hơn 100km với hơn một giờ đi &ocirc; t&ocirc;, v&agrave; c&aacute;ch qu&ecirc; t&ocirc;i 210km chẵn tr&ograve;n, v&ugrave;ng biển m&agrave; t&ocirc;i đến l&agrave; Vũng T&agrave;u, một th&agrave;nh phố trẻ năng động v&agrave; nhộn nhịp. Người S&agrave;i G&ograve;n c&oacute; lẽ đa phần đều đ&atilde; từng đến với Vũng T&agrave;u &iacute;t nhất một lần để nghỉ ngơi, thư gi&atilde;n cũng với gia đ&igrave;nh hoặc b&egrave; bạn.<br />\r\nVũng T&agrave;u d&agrave;nh sự ưu &aacute;i đặc biệt như vậy cũng do cuộc sống tất bật lo toan. Guồng quay s&ocirc;i động v&agrave; bận bịu của cuộc sống đ&atilde; khiến cho những người S&agrave;i G&ograve;n đ&ocirc;i khi muốn tho&aacute;t khỏi thật nhanh c&aacute;i ồn &agrave;o v&agrave; bụi bặm của th&agrave;nh phố. V&agrave; khi đ&oacute;, người ta thường t&igrave;m về với biển. Chỉ với một, hai ng&agrave;y nghỉ th&igrave; Vũng T&agrave;u c&oacute; lẽ l&agrave; giải ph&aacute;p tối ưu nhất.<br />\r\n......<br />\r\nNgồi tr&ecirc;n xe v&agrave; đếm những cột mốc c&acirc;y số cứ lướt qua v&agrave; bỏ lại ph&iacute;a sau lưng m&igrave;nh, t&ocirc;i đang đi về ph&iacute;a biển. C&oacute; ai đ&oacute; đ&atilde; n&oacute;i với t&ocirc;i rằng &ldquo;Biển bao la như t&igrave;nh mẹ&rdquo; v&agrave; t&ocirc;i tin v&agrave;o sự so s&aacute;nh đ&oacute;. Mỗi lần đứng trước biển, t&ocirc;i c&oacute; cảm gi&aacute;c biển cả lu&ocirc;n dang rộng c&aacute;nh tay đ&oacute;n t&ocirc;i v&agrave;o l&ograve;ng, c&oacute; khi bằng những cơn s&oacute;ng vỗ về hiền dịu v&agrave; cũng c&oacute; khi l&agrave; những đợt s&oacute;ng mạnh mẽ, dữ dội. Cảm gi&aacute;c đ&oacute; khiến t&ocirc;i nhớ về mẹ t&ocirc;i, l&uacute;c b&agrave; dịu d&agrave;ng &acirc;u yếm v&agrave; cả những khi nghi&ecirc;m khắc dạy dỗ....<br />\r\n.....<br />\r\nNhắc về biển Vũng t&agrave;u cũng như &ocirc;n về kỷ niệm của t&ocirc;i v&agrave; em (h&igrave; h&igrave;).</p>\r\n\r\n<p>Từ thuở l&ecirc;n năm t&ocirc;i đ&atilde; được c&aacute;i diễm ph&uacute;c c&ugrave;ng cha, mẹ v&agrave; p&eacute; chầm dầm du h&iacute; biển Vũng t&agrave;u.<br />\r\nC&aacute;ch S&agrave;i G&ograve;n hơn 100km với hơn một giờ đi &ocirc; t&ocirc;, v&agrave; c&aacute;ch qu&ecirc; t&ocirc;i 210km chẵn tr&ograve;n, v&ugrave;ng biển m&agrave; t&ocirc;i đến l&agrave; Vũng T&agrave;u, một th&agrave;nh phố trẻ năng động v&agrave; nhộn nhịp. Người S&agrave;i G&ograve;n c&oacute; lẽ đa phần đều đ&atilde; từng đến với Vũng T&agrave;u &iacute;t nhất một lần để nghỉ ngơi, thư gi&atilde;n cũng với gia đ&igrave;nh hoặc b&egrave; bạn.<br />\r\nVũng T&agrave;u d&agrave;nh sự ưu &aacute;i đặc biệt như vậy cũng do cuộc sống tất bật lo toan. Guồng quay s&ocirc;i động v&agrave; bận bịu của cuộc sống đ&atilde; khiến cho những người S&agrave;i G&ograve;n đ&ocirc;i khi muốn tho&aacute;t khỏi thật nhanh c&aacute;i ồn &agrave;o v&agrave; bụi bặm của th&agrave;nh phố. V&agrave; khi đ&oacute;, người ta thường t&igrave;m về với biển. Chỉ với một, hai ng&agrave;y nghỉ th&igrave; Vũng T&agrave;u c&oacute; lẽ l&agrave; giải ph&aacute;p tối ưu nhất.<br />\r\n......<br />\r\nNgồi tr&ecirc;n xe v&agrave; đếm những cột mốc c&acirc;y số cứ lướt qua v&agrave; bỏ lại ph&iacute;a sau lưng m&igrave;nh, t&ocirc;i đang đi về ph&iacute;a biển. C&oacute; ai đ&oacute; đ&atilde; n&oacute;i với t&ocirc;i rằng &ldquo;Biển bao la như t&igrave;nh mẹ&rdquo; v&agrave; t&ocirc;i tin v&agrave;o sự so s&aacute;nh đ&oacute;. Mỗi lần đứng trước biển, t&ocirc;i c&oacute; cảm gi&aacute;c biển cả lu&ocirc;n dang rộng c&aacute;nh tay đ&oacute;n t&ocirc;i v&agrave;o l&ograve;ng, c&oacute; khi bằng những cơn s&oacute;ng vỗ về hiền dịu v&agrave; cũng c&oacute; khi l&agrave; những đợt s&oacute;ng mạnh mẽ, dữ dội. Cảm gi&aacute;c đ&oacute; khiến t&ocirc;i nhớ về mẹ t&ocirc;i, l&uacute;c b&agrave; dịu d&agrave;ng &acirc;u yếm v&agrave; cả những khi nghi&ecirc;m khắc dạy dỗ....<br />\r\n.....<br />\r\nNhắc về biển Vũng t&agrave;u cũng như &ocirc;n về kỷ niệm của t&ocirc;i v&agrave; em (h&igrave; h&igrave;).</p>\r\n\r\n<p>Từ thuở l&ecirc;n năm t&ocirc;i đ&atilde; được c&aacute;i diễm ph&uacute;c c&ugrave;ng cha, mẹ v&agrave; p&eacute; chầm dầm du h&iacute; biển Vũng t&agrave;u.<br />\r\nC&aacute;ch S&agrave;i G&ograve;n hơn 100km với hơn một giờ đi &ocirc; t&ocirc;, v&agrave; c&aacute;ch qu&ecirc; t&ocirc;i 210km chẵn tr&ograve;n, v&ugrave;ng biển m&agrave; t&ocirc;i đến l&agrave; Vũng T&agrave;u, một th&agrave;nh phố trẻ năng động v&agrave; nhộn nhịp. Người S&agrave;i G&ograve;n c&oacute; lẽ đa phần đều đ&atilde; từng đến với Vũng T&agrave;u &iacute;t nhất một lần để nghỉ ngơi, thư gi&atilde;n cũng với gia đ&igrave;nh hoặc b&egrave; bạn.<br />\r\nVũng T&agrave;u d&agrave;nh sự ưu &aacute;i đặc biệt như vậy cũng do cuộc sống tất bật lo toan. Guồng quay s&ocirc;i động v&agrave; bận bịu của cuộc sống đ&atilde; khiến cho những người S&agrave;i G&ograve;n đ&ocirc;i khi muốn tho&aacute;t khỏi thật nhanh c&aacute;i ồn &agrave;o v&agrave; bụi bặm của th&agrave;nh phố. V&agrave; khi đ&oacute;, người ta thường t&igrave;m về với biển. Chỉ với một, hai ng&agrave;y nghỉ th&igrave; Vũng T&agrave;u c&oacute; lẽ l&agrave; giải ph&aacute;p tối ưu nhất.<br />\r\n......<br />\r\nNgồi tr&ecirc;n xe v&agrave; đếm những cột mốc c&acirc;y số cứ lướt qua v&agrave; bỏ lại ph&iacute;a sau lưng m&igrave;nh, t&ocirc;i đang đi về ph&iacute;a biển. C&oacute; ai đ&oacute; đ&atilde; n&oacute;i với t&ocirc;i rằng &ldquo;Biển bao la như t&igrave;nh mẹ&rdquo; v&agrave; t&ocirc;i tin v&agrave;o sự so s&aacute;nh đ&oacute;. Mỗi lần đứng trước biển, t&ocirc;i c&oacute; cảm gi&aacute;c biển cả lu&ocirc;n dang rộng c&aacute;nh tay đ&oacute;n t&ocirc;i v&agrave;o l&ograve;ng, c&oacute; khi bằng những cơn s&oacute;ng vỗ về hiền dịu v&agrave; cũng c&oacute; khi l&agrave; những đợt s&oacute;ng mạnh mẽ, dữ dội. Cảm gi&aacute;c đ&oacute; khiến t&ocirc;i nhớ về mẹ t&ocirc;i, l&uacute;c b&agrave; dịu d&agrave;ng &acirc;u yếm v&agrave; cả những khi nghi&ecirc;m khắc dạy dỗ....<br />\r\n.....<br />\r\nNhắc về biển Vũng t&agrave;u cũng như &ocirc;n về kỷ niệm của t&ocirc;i v&agrave; em (h&igrave; h&igrave;).</p>\r\n\r\n<p>Từ thuở l&ecirc;n năm t&ocirc;i đ&atilde; được c&aacute;i diễm ph&uacute;c c&ugrave;ng cha, mẹ v&agrave; p&eacute; chầm dầm du h&iacute; biển Vũng t&agrave;u.<br />\r\nC&aacute;ch S&agrave;i G&ograve;n hơn 100km với hơn một giờ đi &ocirc; t&ocirc;, v&agrave; c&aacute;ch qu&ecirc; t&ocirc;i 210km chẵn tr&ograve;n, v&ugrave;ng biển m&agrave; t&ocirc;i đến l&agrave; Vũng T&agrave;u, một th&agrave;nh phố trẻ năng động v&agrave; nhộn nhịp. Người S&agrave;i G&ograve;n c&oacute; lẽ đa phần đều đ&atilde; từng đến với Vũng T&agrave;u &iacute;t nhất một lần để nghỉ ngơi, thư gi&atilde;n cũng với gia đ&igrave;nh hoặc b&egrave; bạn.<br />\r\nVũng T&agrave;u d&agrave;nh sự ưu &aacute;i đặc biệt như vậy cũng do cuộc sống tất bật lo toan. Guồng quay s&ocirc;i động v&agrave; bận bịu của cuộc sống đ&atilde; khiến cho những người S&agrave;i G&ograve;n đ&ocirc;i khi muốn tho&aacute;t khỏi thật nhanh c&aacute;i ồn &agrave;o v&agrave; bụi bặm của th&agrave;nh phố. V&agrave; khi đ&oacute;, người ta thường t&igrave;m về với biển. Chỉ với một, hai ng&agrave;y nghỉ th&igrave; Vũng T&agrave;u c&oacute; lẽ l&agrave; giải ph&aacute;p tối ưu nhất.<br />\r\n......<br />\r\nNgồi tr&ecirc;n xe v&agrave; đếm những cột mốc c&acirc;y số cứ lướt qua v&agrave; bỏ lại ph&iacute;a sau lưng m&igrave;nh, t&ocirc;i đang đi về ph&iacute;a biển. C&oacute; ai đ&oacute; đ&atilde; n&oacute;i với t&ocirc;i rằng &ldquo;Biển bao la như t&igrave;nh mẹ&rdquo; v&agrave; t&ocirc;i tin v&agrave;o sự so s&aacute;nh đ&oacute;. Mỗi lần đứng trước biển, t&ocirc;i c&oacute; cảm gi&aacute;c biển cả lu&ocirc;n dang rộng c&aacute;nh tay đ&oacute;n t&ocirc;i v&agrave;o l&ograve;ng, c&oacute; khi bằng những cơn s&oacute;ng vỗ về hiền dịu v&agrave; cũng c&oacute; khi l&agrave; những đợt s&oacute;ng mạnh mẽ, dữ dội. Cảm gi&aacute;c đ&oacute; khiến t&ocirc;i nhớ về mẹ t&ocirc;i, l&uacute;c b&agrave; dịu d&agrave;ng &acirc;u yếm v&agrave; cả những khi nghi&ecirc;m khắc dạy dỗ....<br />\r\n.....<br />\r\nNhắc về biển Vũng t&agrave;u cũng như &ocirc;n về kỷ niệm của t&ocirc;i v&agrave; em (h&igrave; h&igrave;).</p>\r\n\r\n<p>Từ thuở l&ecirc;n năm t&ocirc;i đ&atilde; được c&aacute;i diễm ph&uacute;c c&ugrave;ng cha, mẹ v&agrave; p&eacute; chầm dầm du h&iacute; biển Vũng t&agrave;u.<br />\r\nC&aacute;ch S&agrave;i G&ograve;n hơn 100km với hơn một giờ đi &ocirc; t&ocirc;, v&agrave; c&aacute;ch qu&ecirc; t&ocirc;i 210km chẵn tr&ograve;n, v&ugrave;ng biển m&agrave; t&ocirc;i đến l&agrave; Vũng T&agrave;u, một th&agrave;nh phố trẻ năng động v&agrave; nhộn nhịp. Người S&agrave;i G&ograve;n c&oacute; lẽ đa phần đều đ&atilde; từng đến với Vũng T&agrave;u &iacute;t nhất một lần để nghỉ ngơi, thư gi&atilde;n cũng với gia đ&igrave;nh hoặc b&egrave; bạn.<br />\r\nVũng T&agrave;u d&agrave;nh sự ưu &aacute;i đặc biệt như vậy cũng do cuộc sống tất bật lo toan. Guồng quay s&ocirc;i động v&agrave; bận bịu của cuộc sống đ&atilde; khiến cho những người S&agrave;i G&ograve;n đ&ocirc;i khi muốn tho&aacute;t khỏi thật nhanh c&aacute;i ồn &agrave;o v&agrave; bụi bặm của th&agrave;nh phố. V&agrave; khi đ&oacute;, người ta thường t&igrave;m về với biển. Chỉ với một, hai ng&agrave;y nghỉ th&igrave; Vũng T&agrave;u c&oacute; lẽ l&agrave; giải ph&aacute;p tối ưu nhất.<br />\r\n......<br />\r\nNgồi tr&ecirc;n xe v&agrave; đếm những cột mốc c&acirc;y số cứ lướt qua v&agrave; bỏ lại ph&iacute;a sau lưng m&igrave;nh, t&ocirc;i đang đi về ph&iacute;a biển. C&oacute; ai đ&oacute; đ&atilde; n&oacute;i với t&ocirc;i rằng &ldquo;Biển bao la như t&igrave;nh mẹ&rdquo; v&agrave; t&ocirc;i tin v&agrave;o sự so s&aacute;nh đ&oacute;. Mỗi lần đứng trước biển, t&ocirc;i c&oacute; cảm gi&aacute;c biển cả lu&ocirc;n dang rộng c&aacute;nh tay đ&oacute;n t&ocirc;i v&agrave;o l&ograve;ng, c&oacute; khi bằng những cơn s&oacute;ng vỗ về hiền dịu v&agrave; cũng c&oacute; khi l&agrave; những đợt s&oacute;ng mạnh mẽ, dữ dội. Cảm gi&aacute;c đ&oacute; khiến t&ocirc;i nhớ về mẹ t&ocirc;i, l&uacute;c b&agrave; dịu d&agrave;ng &acirc;u yếm v&agrave; cả những khi nghi&ecirc;m khắc dạy dỗ....<br />\r\n.....<br />\r\nNhắc về biển Vũng t&agrave;u cũng như &ocirc;n về kỷ niệm của t&ocirc;i v&agrave; em (h&igrave; h&igrave;).</p>\r\n\r\n<p>&nbsp;</p>\r\n','2015-12-31 08:54:42','',4,0,0,'',0),(13,1,1,5,'sadad','<p>wdqdwqwd</p>\r\n','2015-12-31 13:20:34','ádasd',1,1,3,'dwdq',1),(14,2,1,5,'Lễ hội chọi trâu','<p>&aacute;dasdasdasd</p>\r\n','2015-12-31 13:44:32','0',2,0,0,'',1),(15,2,3,5,'ssdf','<p>sfsdfsf</p>\r\n','2015-12-31 13:52:00','0',1,0,0,'',1),(16,4,1,5,'Lễ hội chọi trâu','<p>sdfsdfsdf</p>\r\n','2015-12-31 13:53:30','0',0,0,0,'',1),(17,4,1,5,'Lễ hội chọi trâu','<p>sdfsdfsdf</p>\r\n','2015-12-31 13:54:33','0',1,0,0,'',1),(18,2,11,5,'Lễ hội chọi trâu','<p>&aacute;dasd</p>\r\n','2015-12-31 13:56:08','0',2,0,0,'',1),(19,4,1,5,'Lễ hội chọi trâu','<p>Vui lắm</p>\r\n','2015-12-31 13:57:22','0',2,0,0,'',1),(20,5,1,5,'Bánh khọt 3','<p>&agrave;asfasfasfafasfaasf</p>\r\n','2015-12-31 14:08:09','0',2,0,0,'',1),(21,5,7,5,'Bánh khọt 2','<p>&agrave;asfasfasfafasfaasf</p>\r\n','2015-12-31 14:08:24','0',1,0,0,'',1),(22,4,1,5,'ádasd','<p>&aacute;dasd</p>\r\n','2015-12-31 14:46:14','0',1,0,0,'',1),(23,4,2,5,'Lễ hội chọi trâu','<p>lộ 1A ở huyện Trảng Bom, tỉnh Đồng Nai, c&aacute;ch khoảng 50km từ TP Hồ Ch&iacute; Minh, Khu du lịch Th&aacute;c Giang Điền bao gồm 67ha, đ&atilde; trở th&agrave;nh một điểm đến l&yacute; tưởng cho thanh thiếu ni&ecirc;n v&agrave; gia đ&igrave;nh, những người th&iacute;ch kh&aacute;m ph&aacute; vẻ đẹp của thi&ecirc;n nhi&ecirc;n. Khu du lịch Th&aacute;c Giang Điền bao gồm một thung lũng, đồi n&uacute;i, rừng, th&aacute;c nước v&agrave; c&aacute;c giống hoa lạ nở hoa quanh năm.</p>\r\n\r\n<p><img alt=\"Cuối tuần vui vẻ tại Khu du lịch Thác Giang Điền Đồng Nai\" src=\"http://localhost:8080/WebDuLich/view/resource/image/user/5/37.png\" style=\"height:400px; width:600px\" /></p>\r\n\r\n<p><em>Cuối tuần vui vẻ tại Khu du lịch Th&aacute;c Giang Điền Đồng Nai</em></p>\r\n\r\n<p>Theo chuyện kể lại từ người d&acirc;n địa phương th&igrave; đ&atilde; c&oacute; một v&agrave;i đ&ocirc;i y&ecirc;u nhau nhưng kh&ocirc;ng thể đến được với nhau n&ecirc;n họ đ&atilde; tự s&aacute;t gần Th&aacute;c Giang Điền, từ đ&oacute; tạo ra hai th&aacute;c nước kh&aacute;c c&oacute; t&ecirc;n Chang &ndash; ch&agrave;ng trai v&agrave; Nẵng - c&ocirc; g&aacute;i. Những th&aacute;c nước bắt đầu từ s&ocirc;ng Bu&ocirc;ng, đổ v&agrave;o thung lũng s&acirc;u v&agrave; chạy ngang qua một lĩnh vực đ&aacute; granit.</p>\r\n\r\n<p><img alt=\"Cuối tuần vui vẻ tại Khu du lịch Thác Giang Điền Đồng Nai\" src=\"http://localhost:8080/WebDuLich/view/resource/image/user/5/32.png\" style=\"height:401px; width:600px\" /></p>\r\n\r\n<p><em>Cuối tuần vui vẻ tại Khu du lịch Th&aacute;c Giang Điền Đồng Nai</em></p>\r\n\r\n<p>Đến Khu du lịch Th&aacute;c Giang Điền du kh&aacute;ch sẽ đi qua cầu treo Mimosa từ th&aacute;c ch&iacute;nh v&agrave; sau đ&oacute; tiến h&agrave;nh dọc theo một con đường chạy qua b&atilde;i cỏ đu&ocirc;i chồn đến những th&aacute;c nước đ&ocirc;i. Con đường m&agrave; tr&ocirc;ng giống như một d&ograve;ng suối tơ hồng v&agrave;o m&ugrave;a xu&acirc;n sẽ dẫn du kh&aacute;ch n&ocirc;ng trại, trong đ&oacute; khu vườn nhỏ được thiết kế với c&acirc;y xanh, hồ nước v&agrave; hoa đẹp m&agrave; tạo ra một cảnh quan l&atilde;ng mạn.</p>\r\n\r\n<p><img alt=\"Cuối tuần vui vẻ tại Khu du lịch Thác Giang Điền Đồng Nai\" src=\"http://localhost:8080/WebDuLich/view/resource/image/user/5/35.png\" style=\"height:400px; width:600px\" /></p>\r\n\r\n<p><em>Cuối tuần vui vẻ tại Khu du lịch Th&aacute;c Giang Điền Đồng Nai</em></p>\r\n\r\n<p>Ở đ&acirc;y c&oacute; vườn phong lan rừng. Chắc chắn bạn sẽ bị thu h&uacute;t bởi một loạt c&aacute;c t&aacute;c phẩm với phong c&aacute;ch kiến tr&uacute;c La M&atilde; cổ đại v&agrave; địa phương, bao gồm cả đường l&aacute;t hoặc phủ bằng đ&aacute;, những ng&ocirc;i nh&agrave; được x&acirc;y dựng với kiến tr&uacute;c kh&aacute;c nhau người d&acirc;n tộc, những vườn hoa, nh&agrave; h&agrave;ng, qu&aacute;n bar c&agrave; ph&ecirc; ở đối diện với những th&aacute;c nước, một s&acirc;n trượt-băng, 12 lều cho kh&aacute;ch du lịch nghỉ ngơi v&agrave; một khu vực vui chơi giải tr&iacute; cho trẻ em. Kh&aacute;ch du lịch c&oacute; thể đi xe điện tham quan c&aacute;c khu vực đ&aacute;nh bắt c&aacute; v&agrave; cắm trại, vườn hoa...</p>\r\n\r\n<p><img alt=\"Cuối tuần vui vẻ tại Khu du lịch Thác Giang Điền Đồng Nai\" src=\"http://localhost:8080/WebDuLich/view/resource/image/user/5/42.png\" style=\"height:450px; width:600px\" /></p>\r\n\r\n<p><em>Cuối tuần vui vẻ tại Khu du lịch Th&aacute;c Giang Điền Đồng Nai</em></p>\r\n\r\n<p>Với vẻ đẹp v&agrave; c&aacute;c dịch vụ thuận tiện, Khu du lịch Th&aacute;c Giang Điền đ&atilde; trở th&agrave;nh một khu du lịch l&yacute; tưởng, thu h&uacute;t một số lượng lớn du kh&aacute;ch v&agrave;o tất cả c&aacute;c ng&agrave;y trong tuần.</p>\r\n','2015-12-31 15:19:34','0',1,0,0,'',0),(24,4,2,5,'Lễ hội đâm trâu','<p>lộ 1A ở huyện Trảng Bom, tỉnh Đồng Nai, c&aacute;ch khoảng 50km từ TP Hồ Ch&iacute; Minh, Khu du lịch Th&aacute;c Giang Điền bao gồm 67ha, đ&atilde; trở th&agrave;nh một điểm đến l&yacute; tưởng cho thanh thiếu ni&ecirc;n v&agrave; gia đ&igrave;nh, những người th&iacute;ch kh&aacute;m ph&aacute; vẻ đẹp của thi&ecirc;n nhi&ecirc;n. Khu du lịch Th&aacute;c Giang Điền bao gồm một thung lũng, đồi n&uacute;i, rừng, th&aacute;c nước v&agrave; c&aacute;c giống hoa lạ nở hoa quanh năm.</p>\r\n\r\n<p><img alt=\"Cuối tuần vui vẻ tại Khu du lịch Thác Giang Điền Đồng Nai\" src=\"http://localhost:8080/WebDuLich/view/resource/image/user/5/37.png\" style=\"height:400px; width:600px\" /></p>\r\n\r\n<p><em>Cuối tuần vui vẻ tại Khu du lịch Th&aacute;c Giang Điền Đồng Nai</em></p>\r\n\r\n<p>Theo chuyện kể lại từ người d&acirc;n địa phương th&igrave; đ&atilde; c&oacute; một v&agrave;i đ&ocirc;i y&ecirc;u nhau nhưng kh&ocirc;ng thể đến được với nhau n&ecirc;n họ đ&atilde; tự s&aacute;t gần Th&aacute;c Giang Điền, từ đ&oacute; tạo ra hai th&aacute;c nước kh&aacute;c c&oacute; t&ecirc;n Chang &ndash; ch&agrave;ng trai v&agrave; Nẵng - c&ocirc; g&aacute;i. Những th&aacute;c nước bắt đầu từ s&ocirc;ng Bu&ocirc;ng, đổ v&agrave;o thung lũng s&acirc;u v&agrave; chạy ngang qua một lĩnh vực đ&aacute; granit.</p>\r\n\r\n<p><img alt=\"Cuối tuần vui vẻ tại Khu du lịch Thác Giang Điền Đồng Nai\" src=\"http://localhost:8080/WebDuLich/view/resource/image/user/5/32.png\" style=\"height:401px; width:600px\" /></p>\r\n\r\n<p><em>Cuối tuần vui vẻ tại Khu du lịch Th&aacute;c Giang Điền Đồng Nai</em></p>\r\n\r\n<p>Đến Khu du lịch Th&aacute;c Giang Điền du kh&aacute;ch sẽ đi qua cầu treo Mimosa từ th&aacute;c ch&iacute;nh v&agrave; sau đ&oacute; tiến h&agrave;nh dọc theo một con đường chạy qua b&atilde;i cỏ đu&ocirc;i chồn đến những th&aacute;c nước đ&ocirc;i. Con đường m&agrave; tr&ocirc;ng giống như một d&ograve;ng suối tơ hồng v&agrave;o m&ugrave;a xu&acirc;n sẽ dẫn du kh&aacute;ch n&ocirc;ng trại, trong đ&oacute; khu vườn nhỏ được thiết kế với c&acirc;y xanh, hồ nước v&agrave; hoa đẹp m&agrave; tạo ra một cảnh quan l&atilde;ng mạn.</p>\r\n\r\n<p><img alt=\"Cuối tuần vui vẻ tại Khu du lịch Thác Giang Điền Đồng Nai\" src=\"http://localhost:8080/WebDuLich/view/resource/image/user/5/35.png\" style=\"height:400px; width:600px\" /></p>\r\n\r\n<p><em>Cuối tuần vui vẻ tại Khu du lịch Th&aacute;c Giang Điền Đồng Nai</em></p>\r\n\r\n<p>Ở đ&acirc;y c&oacute; vườn phong lan rừng. Chắc chắn bạn sẽ bị thu h&uacute;t bởi một loạt c&aacute;c t&aacute;c phẩm với phong c&aacute;ch kiến tr&uacute;c La M&atilde; cổ đại v&agrave; địa phương, bao gồm cả đường l&aacute;t hoặc phủ bằng đ&aacute;, những ng&ocirc;i nh&agrave; được x&acirc;y dựng với kiến tr&uacute;c kh&aacute;c nhau người d&acirc;n tộc, những vườn hoa, nh&agrave; h&agrave;ng, qu&aacute;n bar c&agrave; ph&ecirc; ở đối diện với những th&aacute;c nước, một s&acirc;n trượt-băng, 12 lều cho kh&aacute;ch du lịch nghỉ ngơi v&agrave; một khu vực vui chơi giải tr&iacute; cho trẻ em. Kh&aacute;ch du lịch c&oacute; thể đi xe điện tham quan c&aacute;c khu vực đ&aacute;nh bắt c&aacute; v&agrave; cắm trại, vườn hoa...</p>\r\n\r\n<p><img alt=\"Cuối tuần vui vẻ tại Khu du lịch Thác Giang Điền Đồng Nai\" src=\"http://localhost:8080/WebDuLich/view/resource/image/user/5/42.png\" style=\"height:450px; width:600px\" /></p>\r\n\r\n<p><em>Cuối tuần vui vẻ tại Khu du lịch Th&aacute;c Giang Điền Đồng Nai</em></p>\r\n\r\n<p>Với vẻ đẹp v&agrave; c&aacute;c dịch vụ thuận tiện, Khu du lịch Th&aacute;c Giang Điền đ&atilde; trở th&agrave;nh một khu du lịch l&yacute; tưởng, thu h&uacute;t một số lượng lớn du kh&aacute;ch v&agrave;o tất cả c&aacute;c ng&agrave;y trong tuần.</p>\r\n','2015-12-31 15:19:55','0',1,0,0,'',0),(25,4,2,5,'Lễ hội đua trâu','<p>lộ 1A ở huyện Trảng Bom, tỉnh Đồng Nai, c&aacute;ch khoảng 50km từ TP Hồ Ch&iacute; Minh, Khu du lịch Th&aacute;c Giang Điền bao gồm 67ha, đ&atilde; trở th&agrave;nh một điểm đến l&yacute; tưởng cho thanh thiếu ni&ecirc;n v&agrave; gia đ&igrave;nh, những người th&iacute;ch kh&aacute;m ph&aacute; vẻ đẹp của thi&ecirc;n nhi&ecirc;n. Khu du lịch Th&aacute;c Giang Điền bao gồm một thung lũng, đồi n&uacute;i, rừng, th&aacute;c nước v&agrave; c&aacute;c giống hoa lạ nở hoa quanh năm.</p>\r\n\r\n<p><img alt=\"Cuối tuần vui vẻ tại Khu du lịch Thác Giang Điền Đồng Nai\" src=\"http://localhost:8080/WebDuLich/view/resource/image/user/5/37.png\" style=\"height:400px; width:600px\" /></p>\r\n\r\n<p><em>Cuối tuần vui vẻ tại Khu du lịch Th&aacute;c Giang Điền Đồng Nai</em></p>\r\n\r\n<p>Theo chuyện kể lại từ người d&acirc;n địa phương th&igrave; đ&atilde; c&oacute; một v&agrave;i đ&ocirc;i y&ecirc;u nhau nhưng kh&ocirc;ng thể đến được với nhau n&ecirc;n họ đ&atilde; tự s&aacute;t gần Th&aacute;c Giang Điền, từ đ&oacute; tạo ra hai th&aacute;c nước kh&aacute;c c&oacute; t&ecirc;n Chang &ndash; ch&agrave;ng trai v&agrave; Nẵng - c&ocirc; g&aacute;i. Những th&aacute;c nước bắt đầu từ s&ocirc;ng Bu&ocirc;ng, đổ v&agrave;o thung lũng s&acirc;u v&agrave; chạy ngang qua một lĩnh vực đ&aacute; granit.</p>\r\n\r\n<p><img alt=\"Cuối tuần vui vẻ tại Khu du lịch Thác Giang Điền Đồng Nai\" src=\"http://localhost:8080/WebDuLich/view/resource/image/user/5/32.png\" style=\"height:401px; width:600px\" /></p>\r\n\r\n<p><em>Cuối tuần vui vẻ tại Khu du lịch Th&aacute;c Giang Điền Đồng Nai</em></p>\r\n\r\n<p>Đến Khu du lịch Th&aacute;c Giang Điền du kh&aacute;ch sẽ đi qua cầu treo Mimosa từ th&aacute;c ch&iacute;nh v&agrave; sau đ&oacute; tiến h&agrave;nh dọc theo một con đường chạy qua b&atilde;i cỏ đu&ocirc;i chồn đến những th&aacute;c nước đ&ocirc;i. Con đường m&agrave; tr&ocirc;ng giống như một d&ograve;ng suối tơ hồng v&agrave;o m&ugrave;a xu&acirc;n sẽ dẫn du kh&aacute;ch n&ocirc;ng trại, trong đ&oacute; khu vườn nhỏ được thiết kế với c&acirc;y xanh, hồ nước v&agrave; hoa đẹp m&agrave; tạo ra một cảnh quan l&atilde;ng mạn.</p>\r\n\r\n<p><img alt=\"Cuối tuần vui vẻ tại Khu du lịch Thác Giang Điền Đồng Nai\" src=\"http://localhost:8080/WebDuLich/view/resource/image/user/5/35.png\" style=\"height:400px; width:600px\" /></p>\r\n\r\n<p><em>Cuối tuần vui vẻ tại Khu du lịch Th&aacute;c Giang Điền Đồng Nai</em></p>\r\n\r\n<p>Ở đ&acirc;y c&oacute; vườn phong lan rừng. Chắc chắn bạn sẽ bị thu h&uacute;t bởi một loạt c&aacute;c t&aacute;c phẩm với phong c&aacute;ch kiến tr&uacute;c La M&atilde; cổ đại v&agrave; địa phương, bao gồm cả đường l&aacute;t hoặc phủ bằng đ&aacute;, những ng&ocirc;i nh&agrave; được x&acirc;y dựng với kiến tr&uacute;c kh&aacute;c nhau người d&acirc;n tộc, những vườn hoa, nh&agrave; h&agrave;ng, qu&aacute;n bar c&agrave; ph&ecirc; ở đối diện với những th&aacute;c nước, một s&acirc;n trượt-băng, 12 lều cho kh&aacute;ch du lịch nghỉ ngơi v&agrave; một khu vực vui chơi giải tr&iacute; cho trẻ em. Kh&aacute;ch du lịch c&oacute; thể đi xe điện tham quan c&aacute;c khu vực đ&aacute;nh bắt c&aacute; v&agrave; cắm trại, vườn hoa...</p>\r\n\r\n<p><img alt=\"Cuối tuần vui vẻ tại Khu du lịch Thác Giang Điền Đồng Nai\" src=\"http://localhost:8080/WebDuLich/view/resource/image/user/5/42.png\" style=\"height:450px; width:600px\" /></p>\r\n\r\n<p><em>Cuối tuần vui vẻ tại Khu du lịch Th&aacute;c Giang Điền Đồng Nai</em></p>\r\n\r\n<p>Với vẻ đẹp v&agrave; c&aacute;c dịch vụ thuận tiện, Khu du lịch Th&aacute;c Giang Điền đ&atilde; trở th&agrave;nh một khu du lịch l&yacute; tưởng, thu h&uacute;t một số lượng lớn du kh&aacute;ch v&agrave;o tất cả c&aacute;c ng&agrave;y trong tuần.</p>\r\n','2015-12-31 15:20:04','0',1,0,0,'',0),(26,4,2,5,'Quan họ bắc ninh','<p>lộ 1A ở huyện Trảng Bom, tỉnh Đồng Nai, c&aacute;ch khoảng 50km từ TP Hồ Ch&iacute; Minh, Khu du lịch Th&aacute;c Giang Điền bao gồm 67ha, đ&atilde; trở th&agrave;nh một điểm đến l&yacute; tưởng cho thanh thiếu ni&ecirc;n v&agrave; gia đ&igrave;nh, những người th&iacute;ch kh&aacute;m ph&aacute; vẻ đẹp của thi&ecirc;n nhi&ecirc;n. Khu du lịch Th&aacute;c Giang Điền bao gồm một thung lũng, đồi n&uacute;i, rừng, th&aacute;c nước v&agrave; c&aacute;c giống hoa lạ nở hoa quanh năm.</p>\r\n\r\n<p><img alt=\"Cuối tuần vui vẻ tại Khu du lịch Thác Giang Điền Đồng Nai\" src=\"http://localhost:8080/WebDuLich/view/resource/image/user/5/37.png\" style=\"height:400px; width:600px\" /></p>\r\n\r\n<p><em>Cuối tuần vui vẻ tại Khu du lịch Th&aacute;c Giang Điền Đồng Nai</em></p>\r\n\r\n<p>Theo chuyện kể lại từ người d&acirc;n địa phương th&igrave; đ&atilde; c&oacute; một v&agrave;i đ&ocirc;i y&ecirc;u nhau nhưng kh&ocirc;ng thể đến được với nhau n&ecirc;n họ đ&atilde; tự s&aacute;t gần Th&aacute;c Giang Điền, từ đ&oacute; tạo ra hai th&aacute;c nước kh&aacute;c c&oacute; t&ecirc;n Chang &ndash; ch&agrave;ng trai v&agrave; Nẵng - c&ocirc; g&aacute;i. Những th&aacute;c nước bắt đầu từ s&ocirc;ng Bu&ocirc;ng, đổ v&agrave;o thung lũng s&acirc;u v&agrave; chạy ngang qua một lĩnh vực đ&aacute; granit.</p>\r\n\r\n<p><img alt=\"Cuối tuần vui vẻ tại Khu du lịch Thác Giang Điền Đồng Nai\" src=\"http://localhost:8080/WebDuLich/view/resource/image/user/5/32.png\" style=\"height:401px; width:600px\" /></p>\r\n\r\n<p><em>Cuối tuần vui vẻ tại Khu du lịch Th&aacute;c Giang Điền Đồng Nai</em></p>\r\n\r\n<p>Đến Khu du lịch Th&aacute;c Giang Điền du kh&aacute;ch sẽ đi qua cầu treo Mimosa từ th&aacute;c ch&iacute;nh v&agrave; sau đ&oacute; tiến h&agrave;nh dọc theo một con đường chạy qua b&atilde;i cỏ đu&ocirc;i chồn đến những th&aacute;c nước đ&ocirc;i. Con đường m&agrave; tr&ocirc;ng giống như một d&ograve;ng suối tơ hồng v&agrave;o m&ugrave;a xu&acirc;n sẽ dẫn du kh&aacute;ch n&ocirc;ng trại, trong đ&oacute; khu vườn nhỏ được thiết kế với c&acirc;y xanh, hồ nước v&agrave; hoa đẹp m&agrave; tạo ra một cảnh quan l&atilde;ng mạn.</p>\r\n\r\n<p><img alt=\"Cuối tuần vui vẻ tại Khu du lịch Thác Giang Điền Đồng Nai\" src=\"http://localhost:8080/WebDuLich/view/resource/image/user/5/35.png\" style=\"height:400px; width:600px\" /></p>\r\n\r\n<p><em>Cuối tuần vui vẻ tại Khu du lịch Th&aacute;c Giang Điền Đồng Nai</em></p>\r\n\r\n<p>Ở đ&acirc;y c&oacute; vườn phong lan rừng. Chắc chắn bạn sẽ bị thu h&uacute;t bởi một loạt c&aacute;c t&aacute;c phẩm với phong c&aacute;ch kiến tr&uacute;c La M&atilde; cổ đại v&agrave; địa phương, bao gồm cả đường l&aacute;t hoặc phủ bằng đ&aacute;, những ng&ocirc;i nh&agrave; được x&acirc;y dựng với kiến tr&uacute;c kh&aacute;c nhau người d&acirc;n tộc, những vườn hoa, nh&agrave; h&agrave;ng, qu&aacute;n bar c&agrave; ph&ecirc; ở đối diện với những th&aacute;c nước, một s&acirc;n trượt-băng, 12 lều cho kh&aacute;ch du lịch nghỉ ngơi v&agrave; một khu vực vui chơi giải tr&iacute; cho trẻ em. Kh&aacute;ch du lịch c&oacute; thể đi xe điện tham quan c&aacute;c khu vực đ&aacute;nh bắt c&aacute; v&agrave; cắm trại, vườn hoa...</p>\r\n\r\n<p><img alt=\"Cuối tuần vui vẻ tại Khu du lịch Thác Giang Điền Đồng Nai\" src=\"http://localhost:8080/WebDuLich/view/resource/image/user/5/42.png\" style=\"height:450px; width:600px\" /></p>\r\n\r\n<p><em>Cuối tuần vui vẻ tại Khu du lịch Th&aacute;c Giang Điền Đồng Nai</em></p>\r\n\r\n<p>Với vẻ đẹp v&agrave; c&aacute;c dịch vụ thuận tiện, Khu du lịch Th&aacute;c Giang Điền đ&atilde; trở th&agrave;nh một khu du lịch l&yacute; tưởng, thu h&uacute;t một số lượng lớn du kh&aacute;ch v&agrave;o tất cả c&aacute;c ng&agrave;y trong tuần.</p>\r\n','2015-12-31 15:20:21','0',1,0,0,'',0),(27,5,1,5,'Bánh khọt huế','<p>lộ 1A ở huyện Trảng Bom, tỉnh Đồng Nai, c&aacute;ch khoảng 50km từ TP Hồ Ch&iacute; Minh, Khu du lịch Th&aacute;c Giang Điền bao gồm 67ha, đ&atilde; trở th&agrave;nh một điểm đến l&yacute; tưởng cho thanh thiếu ni&ecirc;n v&agrave; gia đ&igrave;nh, những người th&iacute;ch kh&aacute;m ph&aacute; vẻ đẹp của thi&ecirc;n nhi&ecirc;n. Khu du lịch Th&aacute;c Giang Điền bao gồm một thung lũng, đồi n&uacute;i, rừng, th&aacute;c nước v&agrave; c&aacute;c giống hoa lạ nở hoa quanh năm.</p>\r\n\r\n<p><img alt=\"Cuối tuần vui vẻ tại Khu du lịch Thác Giang Điền Đồng Nai\" src=\"http://localhost:8080/WebDuLich/view/resource/image/user/5/37.png\" style=\"height:400px; width:600px\" /></p>\r\n\r\n<p><em>Cuối tuần vui vẻ tại Khu du lịch Th&aacute;c Giang Điền Đồng Nai</em></p>\r\n\r\n<p>Theo chuyện kể lại từ người d&acirc;n địa phương th&igrave; đ&atilde; c&oacute; một v&agrave;i đ&ocirc;i y&ecirc;u nhau nhưng kh&ocirc;ng thể đến được với nhau n&ecirc;n họ đ&atilde; tự s&aacute;t gần Th&aacute;c Giang Điền, từ đ&oacute; tạo ra hai th&aacute;c nước kh&aacute;c c&oacute; t&ecirc;n Chang &ndash; ch&agrave;ng trai v&agrave; Nẵng - c&ocirc; g&aacute;i. Những th&aacute;c nước bắt đầu từ s&ocirc;ng Bu&ocirc;ng, đổ v&agrave;o thung lũng s&acirc;u v&agrave; chạy ngang qua một lĩnh vực đ&aacute; granit.</p>\r\n\r\n<p><img alt=\"Cuối tuần vui vẻ tại Khu du lịch Thác Giang Điền Đồng Nai\" src=\"http://localhost:8080/WebDuLich/view/resource/image/user/5/32.png\" style=\"height:401px; width:600px\" /></p>\r\n\r\n<p><em>Cuối tuần vui vẻ tại Khu du lịch Th&aacute;c Giang Điền Đồng Nai</em></p>\r\n\r\n<p>Đến Khu du lịch Th&aacute;c Giang Điền du kh&aacute;ch sẽ đi qua cầu treo Mimosa từ th&aacute;c ch&iacute;nh v&agrave; sau đ&oacute; tiến h&agrave;nh dọc theo một con đường chạy qua b&atilde;i cỏ đu&ocirc;i chồn đến những th&aacute;c nước đ&ocirc;i. Con đường m&agrave; tr&ocirc;ng giống như một d&ograve;ng suối tơ hồng v&agrave;o m&ugrave;a xu&acirc;n sẽ dẫn du kh&aacute;ch n&ocirc;ng trại, trong đ&oacute; khu vườn nhỏ được thiết kế với c&acirc;y xanh, hồ nước v&agrave; hoa đẹp m&agrave; tạo ra một cảnh quan l&atilde;ng mạn.</p>\r\n\r\n<p><img alt=\"Cuối tuần vui vẻ tại Khu du lịch Thác Giang Điền Đồng Nai\" src=\"http://localhost:8080/WebDuLich/view/resource/image/user/5/35.png\" style=\"height:400px; width:600px\" /></p>\r\n\r\n<p><em>Cuối tuần vui vẻ tại Khu du lịch Th&aacute;c Giang Điền Đồng Nai</em></p>\r\n\r\n<p>Ở đ&acirc;y c&oacute; vườn phong lan rừng. Chắc chắn bạn sẽ bị thu h&uacute;t bởi một loạt c&aacute;c t&aacute;c phẩm với phong c&aacute;ch kiến tr&uacute;c La M&atilde; cổ đại v&agrave; địa phương, bao gồm cả đường l&aacute;t hoặc phủ bằng đ&aacute;, những ng&ocirc;i nh&agrave; được x&acirc;y dựng với kiến tr&uacute;c kh&aacute;c nhau người d&acirc;n tộc, những vườn hoa, nh&agrave; h&agrave;ng, qu&aacute;n bar c&agrave; ph&ecirc; ở đối diện với những th&aacute;c nước, một s&acirc;n trượt-băng, 12 lều cho kh&aacute;ch du lịch nghỉ ngơi v&agrave; một khu vực vui chơi giải tr&iacute; cho trẻ em. Kh&aacute;ch du lịch c&oacute; thể đi xe điện tham quan c&aacute;c khu vực đ&aacute;nh bắt c&aacute; v&agrave; cắm trại, vườn hoa...</p>\r\n\r\n<p><img alt=\"Cuối tuần vui vẻ tại Khu du lịch Thác Giang Điền Đồng Nai\" src=\"http://localhost:8080/WebDuLich/view/resource/image/user/5/42.png\" style=\"height:450px; width:600px\" /></p>\r\n\r\n<p><em>Cuối tuần vui vẻ tại Khu du lịch Th&aacute;c Giang Điền Đồng Nai</em></p>\r\n\r\n<p>Với vẻ đẹp v&agrave; c&aacute;c dịch vụ thuận tiện, Khu du lịch Th&aacute;c Giang Điền đ&atilde; trở th&agrave;nh một khu du lịch l&yacute; tưởng, thu h&uacute;t một số lượng lớn du kh&aacute;ch v&agrave;o tất cả c&aacute;c ng&agrave;y trong tuần.</p>\r\n','2015-12-31 15:20:50','0',1,0,0,'',0),(28,5,1,5,'Bánh khọt quảng bình','<p>lộ 1A ở huyện Trảng Bom, tỉnh Đồng Nai, c&aacute;ch khoảng 50km từ TP Hồ Ch&iacute; Minh, Khu du lịch Th&aacute;c Giang Điền bao gồm 67ha, đ&atilde; trở th&agrave;nh một điểm đến l&yacute; tưởng cho thanh thiếu ni&ecirc;n v&agrave; gia đ&igrave;nh, những người th&iacute;ch kh&aacute;m ph&aacute; vẻ đẹp của thi&ecirc;n nhi&ecirc;n. Khu du lịch Th&aacute;c Giang Điền bao gồm một thung lũng, đồi n&uacute;i, rừng, th&aacute;c nước v&agrave; c&aacute;c giống hoa lạ nở hoa quanh năm.</p>\r\n\r\n<p><img alt=\"Cuối tuần vui vẻ tại Khu du lịch Thác Giang Điền Đồng Nai\" src=\"http://localhost:8080/WebDuLich/view/resource/image/user/5/37.png\" style=\"height:400px; width:600px\" /></p>\r\n\r\n<p><em>Cuối tuần vui vẻ tại Khu du lịch Th&aacute;c Giang Điền Đồng Nai</em></p>\r\n\r\n<p>Theo chuyện kể lại từ người d&acirc;n địa phương th&igrave; đ&atilde; c&oacute; một v&agrave;i đ&ocirc;i y&ecirc;u nhau nhưng kh&ocirc;ng thể đến được với nhau n&ecirc;n họ đ&atilde; tự s&aacute;t gần Th&aacute;c Giang Điền, từ đ&oacute; tạo ra hai th&aacute;c nước kh&aacute;c c&oacute; t&ecirc;n Chang &ndash; ch&agrave;ng trai v&agrave; Nẵng - c&ocirc; g&aacute;i. Những th&aacute;c nước bắt đầu từ s&ocirc;ng Bu&ocirc;ng, đổ v&agrave;o thung lũng s&acirc;u v&agrave; chạy ngang qua một lĩnh vực đ&aacute; granit.</p>\r\n\r\n<p><img alt=\"Cuối tuần vui vẻ tại Khu du lịch Thác Giang Điền Đồng Nai\" src=\"http://localhost:8080/WebDuLich/view/resource/image/user/5/32.png\" style=\"height:401px; width:600px\" /></p>\r\n\r\n<p><em>Cuối tuần vui vẻ tại Khu du lịch Th&aacute;c Giang Điền Đồng Nai</em></p>\r\n\r\n<p>Đến Khu du lịch Th&aacute;c Giang Điền du kh&aacute;ch sẽ đi qua cầu treo Mimosa từ th&aacute;c ch&iacute;nh v&agrave; sau đ&oacute; tiến h&agrave;nh dọc theo một con đường chạy qua b&atilde;i cỏ đu&ocirc;i chồn đến những th&aacute;c nước đ&ocirc;i. Con đường m&agrave; tr&ocirc;ng giống như một d&ograve;ng suối tơ hồng v&agrave;o m&ugrave;a xu&acirc;n sẽ dẫn du kh&aacute;ch n&ocirc;ng trại, trong đ&oacute; khu vườn nhỏ được thiết kế với c&acirc;y xanh, hồ nước v&agrave; hoa đẹp m&agrave; tạo ra một cảnh quan l&atilde;ng mạn.</p>\r\n\r\n<p><img alt=\"Cuối tuần vui vẻ tại Khu du lịch Thác Giang Điền Đồng Nai\" src=\"http://localhost:8080/WebDuLich/view/resource/image/user/5/35.png\" style=\"height:400px; width:600px\" /></p>\r\n\r\n<p><em>Cuối tuần vui vẻ tại Khu du lịch Th&aacute;c Giang Điền Đồng Nai</em></p>\r\n\r\n<p>Ở đ&acirc;y c&oacute; vườn phong lan rừng. Chắc chắn bạn sẽ bị thu h&uacute;t bởi một loạt c&aacute;c t&aacute;c phẩm với phong c&aacute;ch kiến tr&uacute;c La M&atilde; cổ đại v&agrave; địa phương, bao gồm cả đường l&aacute;t hoặc phủ bằng đ&aacute;, những ng&ocirc;i nh&agrave; được x&acirc;y dựng với kiến tr&uacute;c kh&aacute;c nhau người d&acirc;n tộc, những vườn hoa, nh&agrave; h&agrave;ng, qu&aacute;n bar c&agrave; ph&ecirc; ở đối diện với những th&aacute;c nước, một s&acirc;n trượt-băng, 12 lều cho kh&aacute;ch du lịch nghỉ ngơi v&agrave; một khu vực vui chơi giải tr&iacute; cho trẻ em. Kh&aacute;ch du lịch c&oacute; thể đi xe điện tham quan c&aacute;c khu vực đ&aacute;nh bắt c&aacute; v&agrave; cắm trại, vườn hoa...</p>\r\n\r\n<p><img alt=\"Cuối tuần vui vẻ tại Khu du lịch Thác Giang Điền Đồng Nai\" src=\"http://localhost:8080/WebDuLich/view/resource/image/user/5/42.png\" style=\"height:450px; width:600px\" /></p>\r\n\r\n<p><em>Cuối tuần vui vẻ tại Khu du lịch Th&aacute;c Giang Điền Đồng Nai</em></p>\r\n\r\n<p>Với vẻ đẹp v&agrave; c&aacute;c dịch vụ thuận tiện, Khu du lịch Th&aacute;c Giang Điền đ&atilde; trở th&agrave;nh một khu du lịch l&yacute; tưởng, thu h&uacute;t một số lượng lớn du kh&aacute;ch v&agrave;o tất cả c&aacute;c ng&agrave;y trong tuần.</p>\r\n','2015-12-31 15:21:01','0',1,0,0,'',0),(29,5,1,5,'Bánh khọt vũng tàu','<p>lộ 1A ở huyện Trảng Bom, tỉnh Đồng Nai, c&aacute;ch khoảng 50km từ TP Hồ Ch&iacute; Minh, Khu du lịch Th&aacute;c Giang Điền bao gồm 67ha, đ&atilde; trở th&agrave;nh một điểm đến l&yacute; tưởng cho thanh thiếu ni&ecirc;n v&agrave; gia đ&igrave;nh, những người th&iacute;ch kh&aacute;m ph&aacute; vẻ đẹp của thi&ecirc;n nhi&ecirc;n. Khu du lịch Th&aacute;c Giang Điền bao gồm một thung lũng, đồi n&uacute;i, rừng, th&aacute;c nước v&agrave; c&aacute;c giống hoa lạ nở hoa quanh năm.</p>\r\n\r\n<p><img alt=\"Cuối tuần vui vẻ tại Khu du lịch Thác Giang Điền Đồng Nai\" src=\"http://localhost:8080/WebDuLich/view/resource/image/user/5/37.png\" style=\"height:400px; width:600px\" /></p>\r\n\r\n<p><em>Cuối tuần vui vẻ tại Khu du lịch Th&aacute;c Giang Điền Đồng Nai</em></p>\r\n\r\n<p>Theo chuyện kể lại từ người d&acirc;n địa phương th&igrave; đ&atilde; c&oacute; một v&agrave;i đ&ocirc;i y&ecirc;u nhau nhưng kh&ocirc;ng thể đến được với nhau n&ecirc;n họ đ&atilde; tự s&aacute;t gần Th&aacute;c Giang Điền, từ đ&oacute; tạo ra hai th&aacute;c nước kh&aacute;c c&oacute; t&ecirc;n Chang &ndash; ch&agrave;ng trai v&agrave; Nẵng - c&ocirc; g&aacute;i. Những th&aacute;c nước bắt đầu từ s&ocirc;ng Bu&ocirc;ng, đổ v&agrave;o thung lũng s&acirc;u v&agrave; chạy ngang qua một lĩnh vực đ&aacute; granit.</p>\r\n\r\n<p><img alt=\"Cuối tuần vui vẻ tại Khu du lịch Thác Giang Điền Đồng Nai\" src=\"http://localhost:8080/WebDuLich/view/resource/image/user/5/32.png\" style=\"height:401px; width:600px\" /></p>\r\n\r\n<p><em>Cuối tuần vui vẻ tại Khu du lịch Th&aacute;c Giang Điền Đồng Nai</em></p>\r\n\r\n<p>Đến Khu du lịch Th&aacute;c Giang Điền du kh&aacute;ch sẽ đi qua cầu treo Mimosa từ th&aacute;c ch&iacute;nh v&agrave; sau đ&oacute; tiến h&agrave;nh dọc theo một con đường chạy qua b&atilde;i cỏ đu&ocirc;i chồn đến những th&aacute;c nước đ&ocirc;i. Con đường m&agrave; tr&ocirc;ng giống như một d&ograve;ng suối tơ hồng v&agrave;o m&ugrave;a xu&acirc;n sẽ dẫn du kh&aacute;ch n&ocirc;ng trại, trong đ&oacute; khu vườn nhỏ được thiết kế với c&acirc;y xanh, hồ nước v&agrave; hoa đẹp m&agrave; tạo ra một cảnh quan l&atilde;ng mạn.</p>\r\n\r\n<p><img alt=\"Cuối tuần vui vẻ tại Khu du lịch Thác Giang Điền Đồng Nai\" src=\"http://localhost:8080/WebDuLich/view/resource/image/user/5/35.png\" style=\"height:400px; width:600px\" /></p>\r\n\r\n<p><em>Cuối tuần vui vẻ tại Khu du lịch Th&aacute;c Giang Điền Đồng Nai</em></p>\r\n\r\n<p>Ở đ&acirc;y c&oacute; vườn phong lan rừng. Chắc chắn bạn sẽ bị thu h&uacute;t bởi một loạt c&aacute;c t&aacute;c phẩm với phong c&aacute;ch kiến tr&uacute;c La M&atilde; cổ đại v&agrave; địa phương, bao gồm cả đường l&aacute;t hoặc phủ bằng đ&aacute;, những ng&ocirc;i nh&agrave; được x&acirc;y dựng với kiến tr&uacute;c kh&aacute;c nhau người d&acirc;n tộc, những vườn hoa, nh&agrave; h&agrave;ng, qu&aacute;n bar c&agrave; ph&ecirc; ở đối diện với những th&aacute;c nước, một s&acirc;n trượt-băng, 12 lều cho kh&aacute;ch du lịch nghỉ ngơi v&agrave; một khu vực vui chơi giải tr&iacute; cho trẻ em. Kh&aacute;ch du lịch c&oacute; thể đi xe điện tham quan c&aacute;c khu vực đ&aacute;nh bắt c&aacute; v&agrave; cắm trại, vườn hoa...</p>\r\n\r\n<p><img alt=\"Cuối tuần vui vẻ tại Khu du lịch Thác Giang Điền Đồng Nai\" src=\"http://localhost:8080/WebDuLich/view/resource/image/user/5/42.png\" style=\"height:450px; width:600px\" /></p>\r\n\r\n<p><em>Cuối tuần vui vẻ tại Khu du lịch Th&aacute;c Giang Điền Đồng Nai</em></p>\r\n\r\n<p>Với vẻ đẹp v&agrave; c&aacute;c dịch vụ thuận tiện, Khu du lịch Th&aacute;c Giang Điền đ&atilde; trở th&agrave;nh một khu du lịch l&yacute; tưởng, thu h&uacute;t một số lượng lớn du kh&aacute;ch v&agrave;o tất cả c&aacute;c ng&agrave;y trong tuần.</p>\r\n','2015-12-31 15:21:11','0',1,0,0,'',0),(30,5,1,5,'Bánh Pía sóc trăng','<p>lộ 1A ở huyện Trảng Bom, tỉnh Đồng Nai, c&aacute;ch khoảng 50km từ TP Hồ Ch&iacute; Minh, Khu du lịch Th&aacute;c Giang Điền bao gồm 67ha, đ&atilde; trở th&agrave;nh một điểm đến l&yacute; tưởng cho thanh thiếu ni&ecirc;n v&agrave; gia đ&igrave;nh, những người th&iacute;ch kh&aacute;m ph&aacute; vẻ đẹp của thi&ecirc;n nhi&ecirc;n. Khu du lịch Th&aacute;c Giang Điền bao gồm một thung lũng, đồi n&uacute;i, rừng, th&aacute;c nước v&agrave; c&aacute;c giống hoa lạ nở hoa quanh năm.</p>\r\n\r\n<p><img alt=\"Cuối tuần vui vẻ tại Khu du lịch Thác Giang Điền Đồng Nai\" src=\"http://localhost:8080/WebDuLich/view/resource/image/user/5/37.png\" style=\"height:400px; width:600px\" /></p>\r\n\r\n<p><em>Cuối tuần vui vẻ tại Khu du lịch Th&aacute;c Giang Điền Đồng Nai</em></p>\r\n\r\n<p>Theo chuyện kể lại từ người d&acirc;n địa phương th&igrave; đ&atilde; c&oacute; một v&agrave;i đ&ocirc;i y&ecirc;u nhau nhưng kh&ocirc;ng thể đến được với nhau n&ecirc;n họ đ&atilde; tự s&aacute;t gần Th&aacute;c Giang Điền, từ đ&oacute; tạo ra hai th&aacute;c nước kh&aacute;c c&oacute; t&ecirc;n Chang &ndash; ch&agrave;ng trai v&agrave; Nẵng - c&ocirc; g&aacute;i. Những th&aacute;c nước bắt đầu từ s&ocirc;ng Bu&ocirc;ng, đổ v&agrave;o thung lũng s&acirc;u v&agrave; chạy ngang qua một lĩnh vực đ&aacute; granit.</p>\r\n\r\n<p><img alt=\"Cuối tuần vui vẻ tại Khu du lịch Thác Giang Điền Đồng Nai\" src=\"http://localhost:8080/WebDuLich/view/resource/image/user/5/32.png\" style=\"height:401px; width:600px\" /></p>\r\n\r\n<p><em>Cuối tuần vui vẻ tại Khu du lịch Th&aacute;c Giang Điền Đồng Nai</em></p>\r\n\r\n<p>Đến Khu du lịch Th&aacute;c Giang Điền du kh&aacute;ch sẽ đi qua cầu treo Mimosa từ th&aacute;c ch&iacute;nh v&agrave; sau đ&oacute; tiến h&agrave;nh dọc theo một con đường chạy qua b&atilde;i cỏ đu&ocirc;i chồn đến những th&aacute;c nước đ&ocirc;i. Con đường m&agrave; tr&ocirc;ng giống như một d&ograve;ng suối tơ hồng v&agrave;o m&ugrave;a xu&acirc;n sẽ dẫn du kh&aacute;ch n&ocirc;ng trại, trong đ&oacute; khu vườn nhỏ được thiết kế với c&acirc;y xanh, hồ nước v&agrave; hoa đẹp m&agrave; tạo ra một cảnh quan l&atilde;ng mạn.</p>\r\n\r\n<p><img alt=\"Cuối tuần vui vẻ tại Khu du lịch Thác Giang Điền Đồng Nai\" src=\"http://localhost:8080/WebDuLich/view/resource/image/user/5/35.png\" style=\"height:400px; width:600px\" /></p>\r\n\r\n<p><em>Cuối tuần vui vẻ tại Khu du lịch Th&aacute;c Giang Điền Đồng Nai</em></p>\r\n\r\n<p>Ở đ&acirc;y c&oacute; vườn phong lan rừng. Chắc chắn bạn sẽ bị thu h&uacute;t bởi một loạt c&aacute;c t&aacute;c phẩm với phong c&aacute;ch kiến tr&uacute;c La M&atilde; cổ đại v&agrave; địa phương, bao gồm cả đường l&aacute;t hoặc phủ bằng đ&aacute;, những ng&ocirc;i nh&agrave; được x&acirc;y dựng với kiến tr&uacute;c kh&aacute;c nhau người d&acirc;n tộc, những vườn hoa, nh&agrave; h&agrave;ng, qu&aacute;n bar c&agrave; ph&ecirc; ở đối diện với những th&aacute;c nước, một s&acirc;n trượt-băng, 12 lều cho kh&aacute;ch du lịch nghỉ ngơi v&agrave; một khu vực vui chơi giải tr&iacute; cho trẻ em. Kh&aacute;ch du lịch c&oacute; thể đi xe điện tham quan c&aacute;c khu vực đ&aacute;nh bắt c&aacute; v&agrave; cắm trại, vườn hoa...</p>\r\n\r\n<p><img alt=\"Cuối tuần vui vẻ tại Khu du lịch Thác Giang Điền Đồng Nai\" src=\"http://localhost:8080/WebDuLich/view/resource/image/user/5/42.png\" style=\"height:450px; width:600px\" /></p>\r\n\r\n<p><em>Cuối tuần vui vẻ tại Khu du lịch Th&aacute;c Giang Điền Đồng Nai</em></p>\r\n\r\n<p>Với vẻ đẹp v&agrave; c&aacute;c dịch vụ thuận tiện, Khu du lịch Th&aacute;c Giang Điền đ&atilde; trở th&agrave;nh một khu du lịch l&yacute; tưởng, thu h&uacute;t một số lượng lớn du kh&aacute;ch v&agrave;o tất cả c&aacute;c ng&agrave;y trong tuần.</p>\r\n','2015-12-31 15:21:28','0',1,0,0,'',0);
/*!40000 ALTER TABLE `post` ENABLE KEYS */;
UNLOCK TABLES;

--
-- Table structure for table `touristplace`
--

DROP TABLE IF EXISTS `touristplace`;
/*!40101 SET @saved_cs_client     = @@character_set_client */;
/*!40101 SET character_set_client = utf8 */;
CREATE TABLE `touristplace` (
  `TourId` int(11) NOT NULL,
  `PlaceId` int(11) NOT NULL,
  PRIMARY KEY (`TourId`,`PlaceId`),
  KEY `FK_RELATIONSHIP_5` (`PlaceId`),
  CONSTRAINT `FK_RELATIONSHIP_4` FOREIGN KEY (`TourId`) REFERENCES `post` (`PostId`),
  CONSTRAINT `FK_RELATIONSHIP_5` FOREIGN KEY (`PlaceId`) REFERENCES `post` (`PostId`)
) ENGINE=InnoDB DEFAULT CHARSET=utf8;
/*!40101 SET character_set_client = @saved_cs_client */;

--
-- Dumping data for table `touristplace`
--

LOCK TABLES `touristplace` WRITE;
/*!40000 ALTER TABLE `touristplace` DISABLE KEYS */;
INSERT INTO `touristplace` VALUES (8,2),(8,5),(8,7),(9,1),(9,6),(9,7),(10,1),(10,3),(10,6),(11,1),(12,8),(13,1),(13,2);
/*!40000 ALTER TABLE `touristplace` ENABLE KEYS */;
UNLOCK TABLES;

--
-- Table structure for table `user`
--

DROP TABLE IF EXISTS `user`;
/*!40101 SET @saved_cs_client     = @@character_set_client */;
/*!40101 SET character_set_client = utf8 */;
CREATE TABLE `user` (
  `UserId` int(11) NOT NULL AUTO_INCREMENT,
  `FullName` text,
  `Birthday` date DEFAULT NULL,
  `Email` char(100) DEFAULT NULL,
  `Password` char(100) DEFAULT NULL,
  `LoginToken` char(100) DEFAULT NULL,
  `AccountType` varchar(10) DEFAULT NULL,
  `Phone` char(15) DEFAULT NULL,
  `Address` text,
  `CompanyName` text,
  `CompanyDescription` text,
  `Status` varchar(5) DEFAULT NULL,
  `ConfirmCode` varchar(50) DEFAULT NULL,
  `Avatar` varchar(50) DEFAULT NULL,
  PRIMARY KEY (`UserId`)
) ENGINE=InnoDB AUTO_INCREMENT=7 DEFAULT CHARSET=utf8;
/*!40101 SET character_set_client = @saved_cs_client */;

--
-- Dumping data for table `user`
--

LOCK TABLES `user` WRITE;
/*!40000 ALTER TABLE `user` DISABLE KEYS */;
INSERT INTO `user` VALUES (5,'Trần Minh Luận',NULL,'xcrossworker@gmail.com','e10adc3949ba59abbe56e057f20f883e','2756230efbd64cd2997cb752a2593dc0','company','0987655787','Binh Dương','Google Inc','hihihi','Yes','66336','64.JPG'),(6,'Trần Luận','2015-10-27','luan@luan.com','e10adc3949ba59abbe56e057f20f883e','2a9599e57ab0c07bc59df5ac469d5cd0','personal','0987655787','Binh Dương','individual','individual','Yes','876295','1.JPG');
/*!40000 ALTER TABLE `user` ENABLE KEYS */;
UNLOCK TABLES;
/*!40103 SET TIME_ZONE=@OLD_TIME_ZONE */;

/*!40101 SET SQL_MODE=@OLD_SQL_MODE */;
/*!40014 SET FOREIGN_KEY_CHECKS=@OLD_FOREIGN_KEY_CHECKS */;
/*!40014 SET UNIQUE_CHECKS=@OLD_UNIQUE_CHECKS */;
/*!40101 SET CHARACTER_SET_CLIENT=@OLD_CHARACTER_SET_CLIENT */;
/*!40101 SET CHARACTER_SET_RESULTS=@OLD_CHARACTER_SET_RESULTS */;
/*!40101 SET COLLATION_CONNECTION=@OLD_COLLATION_CONNECTION */;
/*!40111 SET SQL_NOTES=@OLD_SQL_NOTES */;

-- Dump completed on 2015-12-31 15:28:57
